path,canonical,category,in_sitemap,robots,llms,crawl_depth,words,lastmod,changefreq,priority,schema_types,verification_status,confidence,issues
"/alternatives-hub","/alternatives-hub","hubs","yes","standard","llms","1","2500","2026-06-11","weekly","0.90","WebPage;BreadcrumbList;ItemList;FAQPage","mapped","76",""
"/claude-code-alternatives","/claude-code-alternatives","alternatives","yes","standard","llms","1","3355","2026-06-11","monthly","0.80","Article;BreadcrumbList;ItemList;FAQPage","editorially_verified","88",""
"/cursor-alternatives","/cursor-alternatives","alternatives","yes","standard","llms","1","4164","2026-06-11","monthly","0.80","Article;BreadcrumbList;ItemList;FAQPage","editorially_verified","88",""
"/dify-alternatives","/dify-alternatives","alternatives","yes","standard","llms","1","3222","2026-06-11","monthly","0.80","Article;BreadcrumbList;ItemList;FAQPage","editorially_verified","88",""
"/flowise-alternatives","/flowise-alternatives","alternatives","yes","standard","llms","1","3253","2026-06-11","monthly","0.80","Article;BreadcrumbList;ItemList;FAQPage","editorially_verified","88",""
"/github-copilot-alternatives","/github-copilot-alternatives","alternatives","yes","standard","llms","1","3374","2026-06-11","monthly","0.80","Article;BreadcrumbList;ItemList;FAQPage","editorially_verified","88",""
"/intercom-alternatives","/intercom-alternatives","alternatives","yes","standard","llms","1","3247","2026-06-11","monthly","0.80","Article;BreadcrumbList;ItemList;FAQPage","editorially_verified","88",""
"/n8n-alternatives","/n8n-alternatives","alternatives","yes","standard","llms","1","3243","2026-06-11","monthly","0.80","Article;BreadcrumbList;ItemList;FAQPage","editorially_verified","88",""
"/retell-alternatives","/retell-alternatives","alternatives","yes","standard","llms","1","3301","2026-06-11","monthly","0.80","Article;BreadcrumbList;ItemList;FAQPage","editorially_verified","88",""
"/vapi-alternatives","/vapi-alternatives","alternatives","yes","standard","llms","1","3303","2026-06-11","monthly","0.80","Article;BreadcrumbList;ItemList;FAQPage","editorially_verified","88",""
"/windsurf-alternatives","/windsurf-alternatives","alternatives","yes","standard","llms","1","3250","2026-06-11","monthly","0.80","Article;BreadcrumbList;ItemList;FAQPage","editorially_verified","88",""
"/arshdeep-singh","/arshdeep-singh","authors","yes","standard","llms","1","172","2026-06-11","monthly","0.80","Article;BreadcrumbList","editorial_policy_verified","96",""
"/priya-iyer","/priya-iyer","authors","yes","standard","llms","1","150","2026-06-11","monthly","0.80","Article;BreadcrumbList","editorial_policy_verified","96",""
"/ai-agent-awards-2026","/ai-agent-awards-2026","reports","no","standard","not listed","1","733","2026-06-11","monthly","0.80","Article;BreadcrumbList","partially_verified","82","missing sitemap;thin content"
"/ai-agent-benchmarks-2026","/ai-agent-benchmarks-2026","benchmarks","no","standard","not listed","1","591","2026-06-11","monthly","0.80","Article;BreadcrumbList","mapped","76","missing sitemap;thin content"
"/autogen-vs-crewai","/autogen-vs-crewai","comparisons","yes","standard","llms","1","3636","2026-06-11","monthly","0.80","Article;BreadcrumbList;ItemList;FAQPage","editorially_verified","88",""
"/claude-vs-cursor","/claude-vs-cursor","comparisons","yes","standard","llms","1","4266","2026-06-11","monthly","0.80","Article;BreadcrumbList;ItemList;FAQPage","editorially_verified","88",""
"/clay-vs-apollo","/clay-vs-apollo","comparisons","yes","standard","llms","1","3971","2026-06-11","monthly","0.80","Article;BreadcrumbList;ItemList;FAQPage","editorially_verified","88",""
"/cursor-windsurf-copilot","/cursor-windsurf-copilot","comparisons","yes","standard","llms","1","214","2026-06-11","monthly","0.80","Article;BreadcrumbList;ItemList;FAQPage","editorially_verified","88","thin content"
"/copilot-vs-claude-code","/copilot-vs-claude-code","comparisons","yes","standard","llms","1","3473","2026-06-11","monthly","0.80","Article;BreadcrumbList;ItemList;FAQPage","editorially_verified","88",""
"/cursor-vs-claude-code","/cursor-vs-claude-code","comparisons","yes","standard","llms","","3511","2026-06-11","monthly","0.80","Article;BreadcrumbList;ItemList;FAQPage","editorially_verified","88",""
"/cursor-vs-github-copilot","/cursor-vs-github-copilot","comparisons","yes","standard","llms","","2535","2026-06-11","monthly","0.80","Article;BreadcrumbList;ItemList;FAQPage","editorially_verified","88",""
"/dify-vs-langflow","/dify-vs-langflow","comparisons","yes","standard","llms","","3566","2026-06-11","monthly","0.80","Article;BreadcrumbList;ItemList;FAQPage","editorially_verified","88",""
"/flowise-vs-dify","/flowise-vs-dify","comparisons","yes","standard","llms","","4091","2026-06-11","monthly","0.80","Article;BreadcrumbList;ItemList;FAQPage","editorially_verified","88",""
"/flowise-vs-n8n","/flowise-vs-n8n","comparisons","yes","standard","llms","","3691","2026-06-11","monthly","0.80","Article;BreadcrumbList;ItemList;FAQPage","editorially_verified","88",""
"/hubspot-ai-vs-salesforce-ai","/hubspot-ai-vs-salesforce-ai","comparisons","yes","standard","llms","","3687","2026-06-11","monthly","0.80","Article;BreadcrumbList;ItemList;FAQPage","editorially_verified","88",""
"/intercom-vs-zendesk-ai","/intercom-vs-zendesk-ai","comparisons","yes","standard","llms","","3608","2026-06-11","monthly","0.80","Article;BreadcrumbList;ItemList;FAQPage","editorially_verified","88",""
"/jasper-vs-copy-ai","/jasper-vs-copy-ai","comparisons","yes","standard","llms","","3642","2026-06-11","monthly","0.80","Article;BreadcrumbList;ItemList;FAQPage","editorially_verified","88",""
"/langgraph-vs-crewai","/langgraph-vs-crewai","comparisons","yes","standard","llms","","3684","2026-06-11","monthly","0.80","Article;BreadcrumbList;ItemList;FAQPage","editorially_verified","88",""
"/llamaindex-vs-langchain","/llamaindex-vs-langchain","comparisons","yes","standard","llms","","3610","2026-06-11","monthly","0.80","Article;BreadcrumbList;ItemList;FAQPage","editorially_verified","88",""
"/brave-vs-tavily-vs-serpapi","/brave-vs-tavily-vs-serpapi","comparisons","yes","standard","llms","","204","2026-06-11","monthly","0.80","Article;BreadcrumbList;ItemList;FAQPage","editorially_verified","88","thin content"
"/openai-agents-sdk-vs-langgraph","/openai-agents-sdk-vs-langgraph","comparisons","yes","standard","llms","","3738","2026-06-11","monthly","0.80","Article;BreadcrumbList;ItemList;FAQPage","editorially_verified","88",""
"/replit-vs-cursor","/replit-vs-cursor","comparisons","yes","standard","llms","","4148","2026-06-11","monthly","0.80","Article;BreadcrumbList;ItemList;FAQPage","editorially_verified","88",""
"/retell-vs-bland","/retell-vs-bland","comparisons","yes","standard","llms","","3741","2026-06-11","monthly","0.80","Article;BreadcrumbList;ItemList;FAQPage","editorially_verified","88",""
"/vapi-vs-bland","/vapi-vs-bland","comparisons","yes","standard","llms","","3633","2026-06-11","monthly","0.80","Article;BreadcrumbList;ItemList;FAQPage","editorially_verified","88",""
"/vapi-vs-retell","/vapi-vs-retell","comparisons","yes","standard","llms","","3698","2026-06-11","monthly","0.80","Article;BreadcrumbList;ItemList;FAQPage","editorially_verified","88",""
"/windsurf-vs-cursor","/windsurf-vs-cursor","comparisons","yes","standard","llms","","4136","2026-06-11","monthly","0.80","Article;BreadcrumbList;ItemList;FAQPage","editorially_verified","88",""
"/yellow-ai-vs-intercom","/yellow-ai-vs-intercom","comparisons","yes","standard","llms","","4090","2026-06-11","monthly","0.80","Article;BreadcrumbList;ItemList;FAQPage","editorially_verified","88",""
"/ai-agent-examples","/ai-agent-examples","core","yes","standard","not listed","","3039","2026-06-11","weekly","0.95","Article;BreadcrumbList","mapped","76",""
"/ai-agent-news","/ai-agent-news","core","yes","standard","not listed","","2952","2026-06-11","weekly","0.95","Article;BreadcrumbList","mapped","76",""
"/ai-agent-trends","/ai-agent-trends","core","yes","standard","not listed","","3014","2026-06-11","weekly","0.95","Article;BreadcrumbList","mapped","76",""
"/ai-agent-use-cases","/ai-agent-use-cases","core","yes","standard","not listed","","2934","2026-06-11","weekly","0.95","Article;BreadcrumbList","mapped","76",""
"/best-ai-agent","/best-ai-agent","core","yes","standard","llms","","3931","2026-06-11","weekly","0.95","Article;BreadcrumbList","mapped","76",""
"/best-ai-agents","/best-ai-agents","core","yes","standard","not listed","2","2563","2026-06-11","weekly","0.95","Article;BreadcrumbList","mapped","76",""
"/future-of-ai-agents","/future-of-ai-agents","core","yes","standard","not listed","","2972","2026-06-11","weekly","0.95","Article;BreadcrumbList","mapped","76",""
"/what-is-an-ai-agent","/what-is-an-ai-agent","core","yes","standard","not listed","","2518","2026-06-11","weekly","0.95","Article;BreadcrumbList","mapped","76",""
"/ai-agent-projects","/ai-agent-projects","courses","yes","standard","llms","","2973","2026-06-11","monthly","0.80","Article;BreadcrumbList","mapped","76",""
"/best-ai-agent-course","/best-ai-agent-course","courses","yes","standard","llms","","2850","2026-06-11","monthly","0.80","Article;BreadcrumbList","mapped","76",""
"/how-to-build-an-ai-agent","/how-to-build-an-ai-agent","courses","yes","standard","llms","","3488","2026-06-11","monthly","0.80","Article;BreadcrumbList;HowTo;FAQPage","mapped","76",""
"/benchmark-methodology","/benchmark-methodology","editorial","yes","standard","llms","","442","2026-06-11","monthly","0.80","Article;BreadcrumbList","editorial_policy_verified","96",""
"/review-policy","/review-policy","editorial","yes","standard","llms","","441","2026-06-11","monthly","0.80","Article;BreadcrumbList","editorial_policy_verified","96",""
"/anthropic","/anthropic","entities","no","standard","not listed","","180","2026-06-11","monthly","0.80","Article;BreadcrumbList","mapped","76","missing sitemap;thin content"
"/openai","/openai","entities","no","standard","llms","","298","2026-06-11","monthly","0.80","Article;BreadcrumbList","mapped","76","missing sitemap;thin content"
"/langchain","/langchain","entities","no","standard","not listed","","159","2026-06-11","monthly","0.80","Article;BreadcrumbList","mapped","76","missing sitemap;thin content"
"/gpt-4","/gpt-4","entities","no","standard","not listed","","188","2026-06-11","monthly","0.80","Article;BreadcrumbList","mapped","76","missing sitemap;thin content"
"/pinecone","/pinecone","entities","no","standard","not listed","","970","2026-06-11","monthly","0.80","Article;BreadcrumbList","mapped","76","missing sitemap;thin content"
"/best-free-ai-agent-builder","/best-free-ai-agent-builder","free","no","standard","not listed","","3359","2026-06-11","monthly","0.80","Article;BreadcrumbList;ItemList;FAQPage","mapped","76","missing sitemap"
"/best-free-ai-agent-for-business","/best-free-ai-agent-for-business","free","no","standard","not listed","","3415","2026-06-11","monthly","0.80","Article;BreadcrumbList;ItemList;FAQPage","mapped","76","missing sitemap"
"/best-free-ai-agents","/best-free-ai-agents","free","no","standard","not listed","","3497","2026-06-11","monthly","0.80","Article;BreadcrumbList;ItemList;FAQPage","mapped","76","missing sitemap"
"/best-free-ai-coding-agents","/best-free-ai-coding-agents","free","no","standard","not listed","","3339","2026-06-11","monthly","0.80","Article;BreadcrumbList;ItemList;FAQPage","mapped","76","missing sitemap"
"/best-free-ai-voice-agent","/best-free-ai-voice-agent","free","no","standard","not listed","","3346","2026-06-11","monthly","0.80","Article;BreadcrumbList;ItemList;FAQPage","mapped","76","missing sitemap"
"/best-free-open-source-ai-agents","/best-free-open-source-ai-agents","free","no","standard","not listed","","3339","2026-06-11","monthly","0.80","Article;BreadcrumbList;ItemList;FAQPage","mapped","76","missing sitemap"
"/what-is-agentic-ai","/what-is-agentic-ai","glossary","yes","standard","llms","","3507","2026-06-11","monthly","0.80","Article;BreadcrumbList;FAQPage;DefinedTerm","mapped","76",""
"/what-is-agentops","/what-is-agentops","glossary","yes","standard","llms","","3337","2026-06-11","monthly","0.80","Article;BreadcrumbList;FAQPage;DefinedTerm","mapped","76",""
"/what-is-context-window","/what-is-context-window","glossary","yes","standard","llms","","3465","2026-06-11","monthly","0.80","Article;BreadcrumbList;FAQPage;DefinedTerm","mapped","76",""
"/what-is-crewai","/what-is-crewai","glossary","yes","standard","llms","","3398","2026-06-11","monthly","0.80","Article;BreadcrumbList;FAQPage;DefinedTerm","mapped","76",""
"/what-is-function-calling","/what-is-function-calling","glossary","yes","standard","llms","","3552","2026-06-11","monthly","0.80","Article;BreadcrumbList;FAQPage;DefinedTerm","mapped","76",""
"/what-is-gaia","/what-is-gaia","glossary","yes","standard","llms","","3403","2026-06-11","monthly","0.80","Article;BreadcrumbList;FAQPage;DefinedTerm","mapped","76",""
"/what-is-langgraph","/what-is-langgraph","glossary","yes","standard","llms","","3372","2026-06-11","monthly","0.80","Article;BreadcrumbList;FAQPage;DefinedTerm","mapped","76",""
"/what-is-mcp","/what-is-mcp","glossary","yes","standard","llms","","3616","2026-06-11","monthly","0.80","Article;BreadcrumbList;FAQPage;DefinedTerm","mapped","76",""
"/what-is-multi-agent-system","/what-is-multi-agent-system","glossary","yes","standard","llms","","3497","2026-06-11","monthly","0.80","Article;BreadcrumbList;FAQPage;DefinedTerm","mapped","76",""
"/what-is-rag","/what-is-rag","glossary","yes","standard","llms","","3509","2026-06-11","monthly","0.80","Article;BreadcrumbList;FAQPage;DefinedTerm","mapped","76",""
"/what-is-swe-bench","/what-is-swe-bench","glossary","yes","standard","llms","","3367","2026-06-11","monthly","0.80","Article;BreadcrumbList;FAQPage;DefinedTerm","mapped","76",""
"/what-is-tool-use","/what-is-tool-use","glossary","yes","standard","llms","","3514","2026-06-11","monthly","0.80","Article;BreadcrumbList;FAQPage;DefinedTerm","mapped","76",""
"/ai-agent-security","/ai-agent-security","guides","yes","standard","llms","","3577","2026-06-11","monthly","0.80","Article;BreadcrumbList;FAQPage","partially_verified","82",""
"/best-ai-agent-for-customer-support-in-saas","/best-ai-agent-for-customer-support-in-saas","longtail","no","standard","llms","","2877","2026-06-11","monthly","0.80","Article;BreadcrumbList","mapped","76","missing sitemap"
"/best-ai-agent-for-email","/best-ai-agent-for-email","longtail","no","standard","llms","","2818","2026-06-11","monthly","0.80","Article;BreadcrumbList","mapped","76","missing sitemap"
"/best-ai-agent-for-hospitals-india","/best-ai-agent-for-hospitals-india","longtail","no","standard","llms","","550","2026-06-11","monthly","0.80","Article;BreadcrumbList","mapped","76","missing sitemap;thin content"
"/best-ai-agent-for-lawyers","/best-ai-agent-for-lawyers","longtail","no","standard","llms","","458","2026-06-11","monthly","0.80","Article;BreadcrumbList","mapped","76","missing sitemap;thin content"
"/best-ai-agent-for-lead-generation-in-real-estate","/best-ai-agent-for-lead-generation-in-real-estate","longtail","no","standard","llms","","2928","2026-06-11","monthly","0.80","Article;BreadcrumbList","mapped","76","missing sitemap"
"/best-ai-agent-for-linkedin","/best-ai-agent-for-linkedin","longtail","no","standard","llms","","2799","2026-06-11","monthly","0.80","Article;BreadcrumbList","mapped","76","missing sitemap"
"/best-ai-agent-for-manufacturing-india","/best-ai-agent-for-manufacturing-india","longtail","no","standard","llms","","547","2026-06-11","monthly","0.80","Article;BreadcrumbList","mapped","76","missing sitemap;thin content"
"/best-ai-agent-for-nodejs","/best-ai-agent-for-nodejs","longtail","no","standard","llms","","2818","2026-06-11","monthly","0.80","Article;BreadcrumbList","mapped","76","missing sitemap"
"/best-ai-agent-for-patient-scheduling-in-hospitals","/best-ai-agent-for-patient-scheduling-in-hospitals","longtail","no","standard","llms","","2911","2026-06-11","monthly","0.80","Article;BreadcrumbList","mapped","76","missing sitemap"
"/best-ai-agent-for-real-estate-india","/best-ai-agent-for-real-estate-india","longtail","no","standard","llms","","546","2026-06-11","monthly","0.80","Article;BreadcrumbList","mapped","76","missing sitemap;thin content"
"/best-ai-agent-for-recruiters","/best-ai-agent-for-recruiters","longtail","no","standard","llms","","541","2026-06-11","monthly","0.80","Article;BreadcrumbList","mapped","76","missing sitemap;thin content"
"/best-ai-agent-for-schools","/best-ai-agent-for-schools","longtail","no","standard","llms","","564","2026-06-11","monthly","0.80","Article;BreadcrumbList","mapped","76","missing sitemap;thin content"
"/best-ai-agent-for-seo","/best-ai-agent-for-seo","longtail","no","standard","llms","","2828","2026-06-11","monthly","0.80","Article;BreadcrumbList","mapped","76","missing sitemap"
"/best-ai-agent-for-shopify","/best-ai-agent-for-shopify","longtail","no","standard","llms","","2847","2026-06-11","monthly","0.80","Article;BreadcrumbList","mapped","76","missing sitemap"
"/best-ai-agent-for-wordpress","/best-ai-agent-for-wordpress","longtail","no","standard","llms","","2829","2026-06-11","monthly","0.80","Article;BreadcrumbList","mapped","76","missing sitemap"
"/best-ai-agent-for-youtube","/best-ai-agent-for-youtube","longtail","no","standard","llms","","2824","2026-06-11","monthly","0.80","Article;BreadcrumbList","mapped","76","missing sitemap"
"/cursor-for-python-debugging","/cursor-for-python-debugging","longtail","no","standard","llms","","2867","2026-06-11","monthly","0.80","Article;BreadcrumbList","mapped","76","missing sitemap"
"/vapi-for-appointment-booking","/vapi-for-appointment-booking","longtail","no","standard","llms","","2827","2026-06-11","monthly","0.80","Article;BreadcrumbList","mapped","76","missing sitemap"
"/ai-agent-market-map-2026","/ai-agent-market-map-2026","market-map","no","standard","not listed","","366","2026-06-11","monthly","0.80","Article;BreadcrumbList","mapped","76","missing sitemap;thin content"
"/best-mcp-servers","/best-mcp-servers","mcp","yes","standard","llms","","3393","2026-06-11","monthly","0.80","Article;BreadcrumbList;FAQPage","partially_verified","82",""
"/filesystem-vs-database-mcp","/filesystem-vs-database-mcp","mcp","yes","standard","llms","","1460","2026-06-11","monthly","0.80","Article;BreadcrumbList;FAQPage","partially_verified","82","thin content"
"/mcp-server-comparisons","/mcp-server-comparisons","mcp","yes","standard","llms","","433","2026-06-11","monthly","0.80","Article;BreadcrumbList;FAQPage","partially_verified","82","thin content"
"/official-mcp-vs-community-mcp","/official-mcp-vs-community-mcp","mcp","yes","standard","llms","","1560","2026-06-11","monthly","0.80","Article;BreadcrumbList;FAQPage","partially_verified","82",""
"/mcp-tutorials","/mcp-tutorials","mcp","yes","standard","llms","","580","2026-06-11","monthly","0.80","Article;BreadcrumbList;FAQPage","partially_verified","82","thin content"
"/free-mcp-servers","/free-mcp-servers","mcp","yes","standard","llms","","1330","2026-06-11","monthly","0.80","Article;BreadcrumbList;FAQPage","partially_verified","82","thin content"
"/mcp-marketplace","/mcp-marketplace","mcp","yes","standard","llms","2","517","2026-06-11","monthly","0.80","Article;BreadcrumbList;FAQPage","partially_verified","82","thin content"
"/paid-mcp-servers","/paid-mcp-servers","mcp","yes","standard","llms","","1357","2026-06-11","monthly","0.80","Article;BreadcrumbList;FAQPage","partially_verified","82","thin content"
"/mcp-directory","/mcp-directory","editorial","yes","standard","llms","3","2500","2026-06-11","monthly","0.75","WebPage;BreadcrumbList;Article","editorial_policy_verified","96",""
"/mcp-security","/mcp-security","mcp","yes","standard","llms","","3343","2026-06-11","monthly","0.80","Article;BreadcrumbList;FAQPage","partially_verified","82",""
"/mcp-vs-api","/mcp-vs-api","mcp","yes","standard","llms","","3266","2026-06-11","monthly","0.80","Article;BreadcrumbList;FAQPage","partially_verified","82",""
"/mcp-registry","/mcp-registry","mcp","yes","standard","llms","3","473","2026-06-11","monthly","0.80","Article;BreadcrumbList;FAQPage","partially_verified","82","thin content"
"/arxiv-server","/arxiv-server","mcp","yes","standard","llms","","126","2026-06-11","monthly","0.80","Article;BreadcrumbList;FAQPage","partially_verified","82","thin content"
"/aws-server","/aws-server","mcp","yes","standard","llms","","124","2026-06-11","monthly","0.80","Article;BreadcrumbList;FAQPage","partially_verified","82","thin content"
"/azure-blob-server","/azure-blob-server","mcp","yes","standard","llms","","408","2026-06-11","monthly","0.80","Article;BreadcrumbList;FAQPage","partially_verified","82","thin content"
"/azure-server","/azure-server","mcp","yes","standard","llms","","122","2026-06-11","monthly","0.80","Article;BreadcrumbList;FAQPage","partially_verified","82","thin content"
"/bigquery-server","/bigquery-server","mcp","yes","standard","llms","","122","2026-06-11","monthly","0.80","Article;BreadcrumbList;FAQPage","partially_verified","82","thin content"
"/brave-search","/brave-search","mcp","yes","standard","llms","","579","2026-06-11","monthly","0.80","Article;BreadcrumbList;FAQPage","partially_verified","82","thin content"
"/browser-automation-server","/browser-automation-server","mcp","yes","standard","llms","","2365","2026-06-11","monthly","0.80","Article;BreadcrumbList;FAQPage","partially_verified","82",""
"/calendar-server","/calendar-server","mcp","yes","standard","llms","","124","2026-06-11","monthly","0.80","Article;BreadcrumbList;FAQPage","partially_verified","82","thin content"
"/csv-server","/csv-server","mcp","yes","standard","llms","","122","2026-06-11","monthly","0.80","Article;BreadcrumbList;FAQPage","partially_verified","82","thin content"
"/currency-server","/currency-server","mcp","yes","standard","llms","","122","2026-06-11","monthly","0.80","Article;BreadcrumbList;FAQPage","partially_verified","82","thin content"
"/discord-server","/discord-server","mcp","yes","standard","llms","","122","2026-06-11","monthly","0.80","Article;BreadcrumbList;FAQPage","partially_verified","82","thin content"
"/docker-server","/docker-server","mcp","yes","standard","llms","","120","2026-06-11","monthly","0.80","Article;BreadcrumbList;FAQPage","partially_verified","82","thin content"
"/docx-server","/docx-server","mcp","yes","standard","llms","","122","2026-06-11","monthly","0.80","Article;BreadcrumbList;FAQPage","partially_verified","82","thin content"
"/email-server","/email-server","mcp","yes","standard","llms","","124","2026-06-11","monthly","0.80","Article;BreadcrumbList;FAQPage","partially_verified","82","thin content"
"/excel-server","/excel-server","mcp","yes","standard","llms","","122","2026-06-11","monthly","0.80","Article;BreadcrumbList;FAQPage","partially_verified","82","thin content"
"/filesystem-server","/filesystem-server","mcp","yes","standard","llms","","2661","2026-06-11","monthly","0.80","Article;BreadcrumbList;FAQPage","partially_verified","82",""
"/firecrawl-server","/firecrawl-server","mcp","yes","standard","llms","","124","2026-06-11","monthly","0.80","Article;BreadcrumbList;FAQPage","partially_verified","82","thin content"
"/gcp-server","/gcp-server","mcp","yes","standard","llms","","124","2026-06-11","monthly","0.80","Article;BreadcrumbList;FAQPage","partially_verified","82","thin content"
"/gcs-server","/gcs-server","mcp","yes","standard","llms","","372","2026-06-11","monthly","0.80","Article;BreadcrumbList;FAQPage","partially_verified","82","thin content"
"/github-actions-server","/github-actions-server","mcp","yes","standard","llms","","124","2026-06-11","monthly","0.80","Article;BreadcrumbList;FAQPage","partially_verified","82","thin content"
"/github-server","/github-server","mcp","yes","standard","llms","","2459","2026-06-11","monthly","0.80","Article;BreadcrumbList;FAQPage","partially_verified","82",""
"/gitlab-server","/gitlab-server","mcp","yes","standard","llms","","372","2026-06-11","monthly","0.80","Article;BreadcrumbList;FAQPage","partially_verified","82","thin content"
"/google-sheets-server","/google-sheets-server","mcp","yes","standard","llms","","126","2026-06-11","monthly","0.80","Article;BreadcrumbList;FAQPage","partially_verified","82","thin content"
"/hubspot-server","/hubspot-server","mcp","yes","standard","llms","","124","2026-06-11","monthly","0.80","Article;BreadcrumbList;FAQPage","partially_verified","82","thin content"
"/jina-reader","/jina-reader","mcp","yes","standard","llms","","126","2026-06-11","monthly","0.80","Article;BreadcrumbList;FAQPage","partially_verified","82","thin content"
"/jira-server","/jira-server","mcp","yes","standard","llms","","122","2026-06-11","monthly","0.80","Article;BreadcrumbList;FAQPage","partially_verified","82","thin content"
"/kubernetes-server","/kubernetes-server","mcp","yes","standard","llms","","120","2026-06-11","monthly","0.80","Article;BreadcrumbList;FAQPage","partially_verified","82","thin content"
"/linear-server","/linear-server","mcp","yes","standard","llms","","126","2026-06-11","monthly","0.80","Article;BreadcrumbList;FAQPage","partially_verified","82","thin content"
"/linkedin-server","/linkedin-server","mcp","yes","standard","llms","","120","2026-06-11","monthly","0.80","Article;BreadcrumbList;FAQPage","partially_verified","82","thin content"
"/looker-server","/looker-server","mcp","yes","standard","llms","","122","2026-06-11","monthly","0.80","Article;BreadcrumbList;FAQPage","partially_verified","82","thin content"
"/mcp-server-directory","/mcp-server-directory","mcp","yes","standard","llms","","592","2026-06-11","monthly","0.80","Article;BreadcrumbList;FAQPage","partially_verified","82","thin content"
"/medium-server","/medium-server","mcp","yes","standard","llms","","120","2026-06-11","monthly","0.80","Article;BreadcrumbList;FAQPage","partially_verified","82","thin content"
"/mongodb-server","/mongodb-server","mcp","yes","standard","llms","","363","2026-06-11","monthly","0.80","Article;BreadcrumbList;FAQPage","partially_verified","82","thin content"
"/news-api-server","/news-api-server","mcp","yes","standard","llms","","130","2026-06-11","monthly","0.80","Article;BreadcrumbList;FAQPage","partially_verified","82","thin content"
"/notion-server","/notion-server","mcp","yes","standard","llms","","580","2026-06-11","monthly","0.80","Article;BreadcrumbList;FAQPage","partially_verified","82","thin content"
"/pdf-server","/pdf-server","mcp","yes","standard","llms","","124","2026-06-11","monthly","0.80","Article;BreadcrumbList;FAQPage","partially_verified","82","thin content"
"/playwright-server","/playwright-server","mcp","yes","standard","llms","","120","2026-06-11","monthly","0.80","Article;BreadcrumbList;FAQPage","partially_verified","82","thin content"
"/postgres-server","/postgres-server","mcp","yes","standard","llms","","264","2026-06-11","monthly","0.80","Article;BreadcrumbList;FAQPage","partially_verified","82","thin content"
"/puppeteer-server","/puppeteer-server","mcp","yes","standard","llms","","120","2026-06-11","monthly","0.80","Article;BreadcrumbList;FAQPage","partially_verified","82","thin content"
"/reddit-server","/reddit-server","mcp","yes","standard","llms","","124","2026-06-11","monthly","0.80","Article;BreadcrumbList;FAQPage","partially_verified","82","thin content"
"/redis-server","/redis-server","mcp","yes","standard","llms","","220","2026-06-11","monthly","0.80","Article;BreadcrumbList;FAQPage","partially_verified","82","thin content"
"/salesforce-server","/salesforce-server","mcp","yes","standard","llms","","499","2026-06-11","monthly","0.80","Article;BreadcrumbList;FAQPage","partially_verified","82","thin content"
"/sendgrid-server","/sendgrid-server","mcp","yes","standard","llms","","122","2026-06-11","monthly","0.80","Article;BreadcrumbList;FAQPage","partially_verified","82","thin content"
"/serpapi-server","/serpapi-server","mcp","yes","standard","llms","","124","2026-06-11","monthly","0.80","Article;BreadcrumbList;FAQPage","partially_verified","82","thin content"
"/shopify-server","/shopify-server","mcp","yes","standard","llms","","122","2026-06-11","monthly","0.80","Article;BreadcrumbList;FAQPage","partially_verified","82","thin content"
"/slack-mcp-server","/slack-mcp-server","mcp","yes","standard","llms","","128","2026-06-11","monthly","0.80","Article;BreadcrumbList;FAQPage","partially_verified","82","thin content"
"/slack-server","/slack-server","mcp","yes","standard","llms","","2491","2026-06-11","monthly","0.80","Article;BreadcrumbList;FAQPage","partially_verified","82",""
"/snowflake-server","/snowflake-server","mcp","yes","standard","llms","","382","2026-06-11","monthly","0.80","Article;BreadcrumbList;FAQPage","partially_verified","82","thin content"
"/stripe-server","/stripe-server","mcp","yes","standard","llms","","462","2026-06-11","monthly","0.80","Article;BreadcrumbList;FAQPage","partially_verified","82","thin content"
"/tavily-search","/tavily-search","mcp","yes","standard","llms","","122","2026-06-11","monthly","0.80","Article;BreadcrumbList;FAQPage","partially_verified","82","thin content"
"/telegram-server","/telegram-server","mcp","yes","standard","llms","","122","2026-06-11","monthly","0.80","Article;BreadcrumbList;FAQPage","partially_verified","82","thin content"
"/twilio-server","/twilio-server","mcp","yes","standard","llms","","400","2026-06-11","monthly","0.80","Article;BreadcrumbList;FAQPage","partially_verified","82","thin content"
"/twitter-server","/twitter-server","mcp","yes","standard","llms","","120","2026-06-11","monthly","0.80","Article;BreadcrumbList;FAQPage","partially_verified","82","thin content"
"/weather-server","/weather-server","mcp","yes","standard","llms","","124","2026-06-11","monthly","0.80","Article;BreadcrumbList;FAQPage","partially_verified","82","thin content"
"/web-browser-server","/web-browser-server","mcp","yes","standard","llms","","130","2026-06-11","monthly","0.80","Article;BreadcrumbList;FAQPage","partially_verified","82","thin content"
"/wordpress-server","/wordpress-server","mcp","yes","standard","llms","","122","2026-06-11","monthly","0.80","Article;BreadcrumbList;FAQPage","partially_verified","82","thin content"
"/youtube-server","/youtube-server","mcp","yes","standard","llms","","126","2026-06-11","monthly","0.80","Article;BreadcrumbList;FAQPage","partially_verified","82","thin content"
"/build-your-first-mcp-server","/build-your-first-mcp-server","mcp","yes","standard","llms","","2022","2026-06-11","monthly","0.80","Article;BreadcrumbList;FAQPage","partially_verified","82",""
"/debugging-mcp-servers","/debugging-mcp-servers","mcp","yes","standard","llms","","1473","2026-06-11","monthly","0.80","Article;BreadcrumbList;FAQPage","partially_verified","82","thin content"
"/getting-started-with-mcp","/getting-started-with-mcp","mcp","yes","standard","llms","","2444","2026-06-11","monthly","0.80","Article;BreadcrumbList;FAQPage","partially_verified","82",""
"/mcp-with-claude-desktop","/mcp-with-claude-desktop","mcp","yes","standard","llms","","1514","2026-06-11","monthly","0.80","Article;BreadcrumbList;FAQPage","partially_verified","82",""
"/mcp-with-cursor-ai","/mcp-with-cursor-ai","mcp","yes","standard","llms","","1606","2026-06-11","monthly","0.80","Article;BreadcrumbList;FAQPage","partially_verified","82",""
"/mcp/what-is-mcp","/mcp/what-is-mcp","mcp","yes","standard","llms","","3469","2026-06-11","monthly","0.80","Article;BreadcrumbList;FAQPage","partially_verified","82",""
"/best-ai-agent-automation-platform","/best-ai-agent-automation-platform","pillars","yes","standard","not listed","","3303","2026-06-11","monthly","0.90","Article;BreadcrumbList;ItemList;FAQPage","editorially_verified","88",""
"/best-ai-agent-builder","/best-ai-agent-builder","pillars","yes","standard","not listed","","3934","2026-06-11","monthly","0.90","Article;BreadcrumbList;ItemList;FAQPage","editorially_verified","88",""
"/best-ai-agent-development-platform","/best-ai-agent-development-platform","pillars","yes","standard","not listed","","3327","2026-06-11","monthly","0.90","Article;BreadcrumbList;ItemList;FAQPage","editorially_verified","88",""
"/best-ai-agent-for-accountants","/best-ai-agent-for-accountants","pillars","yes","standard","not listed","","4173","2026-06-11","monthly","0.90","Article;BreadcrumbList;ItemList;FAQPage","editorially_verified","88",""
"/best-ai-agent-for-agencies","/best-ai-agent-for-agencies","pillars","yes","standard","not listed","","4320","2026-06-11","monthly","0.90","Article;BreadcrumbList;ItemList;FAQPage","editorially_verified","88",""
"/best-ai-agent-for-appointment-booking","/best-ai-agent-for-appointment-booking","pillars","yes","standard","not listed","","3344","2026-06-11","monthly","0.90","Article;BreadcrumbList;ItemList;FAQPage","editorially_verified","88",""
"/best-ai-agent-for-banking","/best-ai-agent-for-banking","pillars","yes","standard","not listed","","3327","2026-06-11","monthly","0.90","Article;BreadcrumbList;ItemList;FAQPage","editorially_verified","88",""
"/best-ai-agent-for-business","/best-ai-agent-for-business","pillars","yes","standard","not listed","","4096","2026-06-11","monthly","0.90","Article;BreadcrumbList;ItemList;FAQPage","editorially_verified","88",""
"/best-ai-agent-for-consultants","/best-ai-agent-for-consultants","pillars","yes","standard","not listed","","4192","2026-06-11","monthly","0.90","Article;BreadcrumbList;ItemList;FAQPage","editorially_verified","88",""
"/best-ai-agent-for-crm","/best-ai-agent-for-crm","pillars","yes","standard","not listed","","4607","2026-06-11","monthly","0.90","Article;BreadcrumbList;ItemList;FAQPage","editorially_verified","88",""
"/best-ai-agent-for-customer-support","/best-ai-agent-for-customer-support","pillars","yes","standard","llms","","4100","2026-06-11","monthly","0.90","Article;BreadcrumbList;ItemList;FAQPage","editorially_verified","88",""
"/best-ai-agent-for-debugging","/best-ai-agent-for-debugging","pillars","yes","standard","not listed","","4252","2026-06-11","monthly","0.90","Article;BreadcrumbList;ItemList;FAQPage","editorially_verified","88",""
"/best-ai-agent-for-ecommerce","/best-ai-agent-for-ecommerce","pillars","yes","standard","not listed","","4439","2026-06-11","monthly","0.90","Article;BreadcrumbList;ItemList;FAQPage","editorially_verified","88",""
"/best-ai-agent-for-education","/best-ai-agent-for-education","pillars","yes","standard","not listed","","3360","2026-06-11","monthly","0.90","Article;BreadcrumbList;ItemList;FAQPage","editorially_verified","88",""
"/best-ai-agent-for-healthcare-calls","/best-ai-agent-for-healthcare-calls","pillars","yes","standard","not listed","","3335","2026-06-11","monthly","0.90","Article;BreadcrumbList;ItemList;FAQPage","editorially_verified","88",""
"/best-ai-agent-for-hospitals","/best-ai-agent-for-hospitals","pillars","yes","standard","llms","","4249","2026-06-11","monthly","0.90","Article;BreadcrumbList;ItemList;FAQPage","editorially_verified","88",""
"/best-ai-agent-for-inbound-support","/best-ai-agent-for-inbound-support","pillars","yes","standard","not listed","","3328","2026-06-11","monthly","0.90","Article;BreadcrumbList;ItemList;FAQPage","editorially_verified","88",""
"/best-ai-agent-for-javascript","/best-ai-agent-for-javascript","pillars","yes","standard","not listed","","4307","2026-06-11","monthly","0.90","Article;BreadcrumbList;ItemList;FAQPage","editorially_verified","88",""
"/best-ai-agent-for-law-firms","/best-ai-agent-for-law-firms","pillars","yes","standard","not listed","","4352","2026-06-11","monthly","0.90","Article;BreadcrumbList;ItemList;FAQPage","editorially_verified","88",""
"/best-ai-agent-for-lead-generation","/best-ai-agent-for-lead-generation","pillars","yes","standard","llms","","4499","2026-06-11","monthly","0.90","Article;BreadcrumbList;ItemList;FAQPage","editorially_verified","88",""
"/best-ai-agent-for-lead-qualification","/best-ai-agent-for-lead-qualification","pillars","yes","standard","not listed","","3339","2026-06-11","monthly","0.90","Article;BreadcrumbList;ItemList;FAQPage","editorially_verified","88",""
"/best-ai-agent-for-logistics","/best-ai-agent-for-logistics","pillars","yes","standard","not listed","","3329","2026-06-11","monthly","0.90","Article;BreadcrumbList;ItemList;FAQPage","editorially_verified","88",""
"/best-ai-agent-for-manufacturing","/best-ai-agent-for-manufacturing","pillars","yes","standard","llms","","3320","2026-06-11","monthly","0.90","Article;BreadcrumbList;ItemList;FAQPage","editorially_verified","88",""
"/best-ai-agent-for-marketing","/best-ai-agent-for-marketing","pillars","yes","standard","not listed","","4032","2026-06-11","monthly","0.90","Article;BreadcrumbList;ItemList;FAQPage","editorially_verified","88",""
"/best-ai-agent-for-nextjs","/best-ai-agent-for-nextjs","pillars","yes","standard","not listed","","4157","2026-06-11","monthly","0.90","Article;BreadcrumbList;ItemList;FAQPage","editorially_verified","88",""
"/best-ai-agent-for-outbound-calling","/best-ai-agent-for-outbound-calling","pillars","yes","standard","not listed","","3345","2026-06-11","monthly","0.90","Article;BreadcrumbList;ItemList;FAQPage","editorially_verified","88",""
"/best-ai-agent-for-python","/best-ai-agent-for-python","pillars","yes","standard","not listed","","4560","2026-06-11","monthly","0.90","Article;BreadcrumbList;ItemList;FAQPage","editorially_verified","88",""
"/best-ai-agent-for-react","/best-ai-agent-for-react","pillars","yes","standard","not listed","","4106","2026-06-11","monthly","0.90","Article;BreadcrumbList;ItemList;FAQPage","editorially_verified","88",""
"/best-ai-agent-for-real-estate-calls","/best-ai-agent-for-real-estate-calls","pillars","yes","standard","not listed","","3366","2026-06-11","monthly","0.90","Article;BreadcrumbList;ItemList;FAQPage","editorially_verified","88",""
"/best-ai-agent-for-real-estate","/best-ai-agent-for-real-estate","pillars","yes","standard","llms","","4399","2026-06-11","monthly","0.90","Article;BreadcrumbList;ItemList;FAQPage","editorially_verified","88",""
"/best-ai-agent-for-recruiting","/best-ai-agent-for-recruiting","pillars","yes","standard","not listed","","3324","2026-06-11","monthly","0.90","Article;BreadcrumbList;ItemList;FAQPage","editorially_verified","88",""
"/best-ai-agent-for-sales","/best-ai-agent-for-sales","pillars","yes","standard","not listed","","2922","2026-06-11","monthly","0.90","Article;BreadcrumbList;ItemList;FAQPage","editorially_verified","88",""
"/best-ai-agent-for-small-business","/best-ai-agent-for-small-business","pillars","yes","standard","not listed","","4399","2026-06-11","monthly","0.90","Article;BreadcrumbList;ItemList;FAQPage","editorially_verified","88",""
"/best-ai-agent-for-startups","/best-ai-agent-for-startups","pillars","yes","standard","not listed","","3371","2026-06-11","monthly","0.90","Article;BreadcrumbList;ItemList;FAQPage","editorially_verified","88",""
"/best-ai-agent-for-whatsapp-support","/best-ai-agent-for-whatsapp-support","pillars","yes","standard","not listed","","4147","2026-06-11","monthly","0.90","Article;BreadcrumbList;ItemList;FAQPage","editorially_verified","88",""
"/best-ai-agent-for-whatsapp","/best-ai-agent-for-whatsapp","pillars","yes","standard","not listed","","3331","2026-06-11","monthly","0.90","Article;BreadcrumbList;ItemList;FAQPage","editorially_verified","88",""
"/best-ai-agent-platform","/best-ai-agent-platform","pillars","yes","standard","not listed","","4097","2026-06-11","monthly","0.90","Article;BreadcrumbList;ItemList;FAQPage","editorially_verified","88",""
"/best-ai-agent-workflow-builder","/best-ai-agent-workflow-builder","pillars","yes","standard","not listed","","3352","2026-06-11","monthly","0.90","Article;BreadcrumbList;ItemList;FAQPage","editorially_verified","88",""
"/best-ai-agents-for-business","/best-ai-agents-for-business","pillars","yes","standard","not listed","","2652","2026-06-11","monthly","0.90","Article;BreadcrumbList;ItemList;FAQPage","editorially_verified","88",""
"/best-ai-call-center-agent","/best-ai-call-center-agent","pillars","yes","standard","not listed","","3329","2026-06-11","monthly","0.90","Article;BreadcrumbList;ItemList;FAQPage","editorially_verified","88",""
"/best-ai-phone-agent","/best-ai-phone-agent","pillars","yes","standard","not listed","","3285","2026-06-11","monthly","0.90","Article;BreadcrumbList;ItemList;FAQPage","editorially_verified","88",""
"/best-ai-voice-agent","/best-ai-voice-agent","pillars","yes","standard","not listed","","3357","2026-06-11","monthly","0.90","Article;BreadcrumbList;ItemList;FAQPage","editorially_verified","88",""
"/best-no-code-ai-agent-builder","/best-no-code-ai-agent-builder","pillars","yes","standard","not listed","","3921","2026-06-11","monthly","0.90","Article;BreadcrumbList;ItemList;FAQPage","editorially_verified","88",""
"/best-open-source-ai-agents","/best-open-source-ai-agents","pillars","yes","standard","not listed","","3306","2026-06-11","monthly","0.90","Article;BreadcrumbList;ItemList;FAQPage","editorially_verified","88",""
"/claude-code-pricing","/claude-code-pricing","pricing","yes","standard","llms","","3355","2026-06-11","weekly","0.80","Article;BreadcrumbList;ItemList;FAQPage","editorially_verified","88",""
"/copilot-free-vs-paid","/copilot-free-vs-paid","pricing","yes","standard","llms","","3517","2026-06-11","weekly","0.80","Article;BreadcrumbList;ItemList;FAQPage","editorially_verified","88",""
"/cursor-free-vs-pro","/cursor-free-vs-pro","pricing","yes","standard","llms","","3492","2026-06-11","weekly","0.80","Article;BreadcrumbList;ItemList;FAQPage","editorially_verified","88",""
"/cursor-pricing-india","/cursor-pricing-india","pricing","yes","standard","llms","","3363","2026-06-11","weekly","0.80","Article;BreadcrumbList;ItemList;FAQPage","editorially_verified","88",""
"/cursor-pricing","/cursor-pricing","pricing","yes","standard","llms","","4092","2026-06-11","weekly","0.80","Article;BreadcrumbList;ItemList;FAQPage","editorially_verified","88",""
"/dify-pricing","/dify-pricing","pricing","yes","standard","llms","","3238","2026-06-11","weekly","0.80","Article;BreadcrumbList;ItemList;FAQPage","editorially_verified","88",""
"/flowise-pricing","/flowise-pricing","pricing","yes","standard","llms","","3241","2026-06-11","weekly","0.80","Article;BreadcrumbList;ItemList;FAQPage","editorially_verified","88",""
"/github-copilot-pricing","/github-copilot-pricing","pricing","yes","standard","llms","","4330","2026-06-11","weekly","0.80","Article;BreadcrumbList;ItemList;FAQPage","editorially_verified","88",""
"/intercom-pricing","/intercom-pricing","pricing","yes","standard","llms","","3284","2026-06-11","weekly","0.80","Article;BreadcrumbList;ItemList;FAQPage","editorially_verified","88",""
"/n8n-pricing","/n8n-pricing","pricing","yes","standard","llms","","3313","2026-06-11","weekly","0.80","Article;BreadcrumbList;ItemList;FAQPage","editorially_verified","88",""
"/pricing-hub","/pricing-hub","hubs","yes","standard","llms","","2500","2026-06-11","weekly","0.90","WebPage;BreadcrumbList;ItemList;FAQPage","mapped","76",""
"/vapi-pricing-calculator","/vapi-pricing-calculator","pricing","yes","standard","llms","","3460","2026-06-11","weekly","0.80","Article;BreadcrumbList;ItemList;FAQPage","editorially_verified","88",""
"/vapi-pricing","/vapi-pricing","pricing","yes","standard","llms","","3301","2026-06-11","weekly","0.80","Article;BreadcrumbList;ItemList;FAQPage","editorially_verified","88",""
"/windsurf-pricing","/windsurf-pricing","pricing","yes","standard","llms","","3286","2026-06-11","weekly","0.80","Article;BreadcrumbList;ItemList;FAQPage","editorially_verified","88",""
"/yellow-ai-pricing","/yellow-ai-pricing","pricing","yes","standard","llms","","3319","2026-06-11","weekly","0.80","Article;BreadcrumbList;ItemList;FAQPage","editorially_verified","88",""
"/ai-agent-rankings-2026","/ai-agent-rankings-2026","rankings","no","standard","not listed","","449","2026-06-11","monthly","0.80","Article;BreadcrumbList","mapped","76","missing sitemap;thin content"
"/top-ai-agents-2026","/top-ai-agents-2026","rankings","no","standard","not listed","","255","2026-06-11","monthly","0.80","Article;BreadcrumbList","mapped","76","missing sitemap;thin content"
"/ai-agent-benchmark-report-q3-2026","/ai-agent-benchmark-report-q3-2026","reports","no","standard","not listed","2","1039","2026-06-11","monthly","0.80","Article;BreadcrumbList","partially_verified","82","missing sitemap;thin content"
"/ai-agent-industry-report-2026","/ai-agent-industry-report-2026","reports","no","standard","not listed","","295","2026-06-11","monthly","0.80","Article;BreadcrumbList","partially_verified","82","missing sitemap;thin content"
"/ai-agent-landscape-2026-india","/ai-agent-landscape-2026-india","reports","no","standard","not listed","","594","2026-06-11","monthly","0.80","Article;BreadcrumbList","partially_verified","82","missing sitemap;thin content"
"/ai-agent-market-map","/ai-agent-market-map","editorial","yes","standard","llms","2","2500","2026-06-11","monthly","0.75","WebPage;BreadcrumbList;Article","editorial_policy_verified","96",""
"/mcp-ecosystem-report-2026","/mcp-ecosystem-report-2026","reports","no","standard","not listed","","642","2026-06-11","monthly","0.80","Article;BreadcrumbList","partially_verified","82","missing sitemap;thin content"
"/top-500-ai-agents-database","/top-500-ai-agents-database","reports","no","standard","not listed","","539","2026-06-11","monthly","0.80","Article;BreadcrumbList","partially_verified","82","missing sitemap;thin content"
"/agentbench-guide","/agentbench-guide","research","yes","standard","not listed","","3206","2026-06-11","monthly","0.80","Article;BreadcrumbList;FAQPage","partially_verified","82",""
"/ai-agent-benchmarks","/ai-agent-benchmarks","research","yes","standard","not listed","","3269","2026-06-11","monthly","0.80","Article;BreadcrumbList;FAQPage","partially_verified","82",""
"/gaia-benchmark-guide","/gaia-benchmark-guide","research","yes","standard","not listed","","3240","2026-06-11","monthly","0.80","Article;BreadcrumbList;FAQPage","partially_verified","82",""
"/humaneval-guide","/humaneval-guide","research","yes","standard","not listed","","3204","2026-06-11","monthly","0.80","Article;BreadcrumbList;FAQPage","partially_verified","82",""
"/swe-bench-guide","/swe-bench-guide","research","yes","standard","not listed","","3190","2026-06-11","monthly","0.80","Article;BreadcrumbList;FAQPage","partially_verified","82",""
"/tools/agentops","/tools/agentops","reviews","yes","standard","llms","","3227","2026-06-11","weekly","0.80","Article;BreadcrumbList;Review;SoftwareApplication;FAQPage","editorially_verified","88",""
"/tools/apollo","/tools/apollo","reviews","yes","standard","llms","","3580","2026-06-11","weekly","0.80","Article;BreadcrumbList;Review;SoftwareApplication;FAQPage","editorially_verified","88",""
"/tools/artisan","/tools/artisan","reviews","yes","standard","llms","","3569","2026-06-11","weekly","0.80","Article;BreadcrumbList;Review;SoftwareApplication;FAQPage","editorially_verified","88",""
"/tools/autogen","/tools/autogen","reviews","yes","standard","llms","","3587","2026-06-11","weekly","0.80","Article;BreadcrumbList;Review;SoftwareApplication;FAQPage","editorially_verified","88",""
"/tools/bland-ai","/tools/bland-ai","reviews","yes","standard","llms","","3685","2026-06-11","weekly","0.80","Article;BreadcrumbList;Review;SoftwareApplication;FAQPage","editorially_verified","88",""
"/claude-code","/claude-code","reviews","yes","standard","llms","","4424","2026-06-11","weekly","0.80","Article;BreadcrumbList;Review;SoftwareApplication;FAQPage","editorially_verified","88",""
"/tools/clay","/tools/clay","reviews","yes","standard","llms","","3580","2026-06-11","weekly","0.80","Article;BreadcrumbList;Review;SoftwareApplication;FAQPage","editorially_verified","88",""
"/tools/crewai","/tools/crewai","reviews","yes","standard","llms","3","3650","2026-06-11","weekly","0.80","Article;BreadcrumbList;Review;SoftwareApplication;FAQPage","editorially_verified","88",""
"/cursor-ai","/cursor-ai","reviews","yes","standard","llms","","4425","2026-06-11","weekly","0.80","Article;BreadcrumbList;Review;SoftwareApplication;FAQPage","editorially_verified","88",""
"/tools/dify","/tools/dify","reviews","yes","standard","llms","","3996","2026-06-11","weekly","0.80","Article;BreadcrumbList;Review;SoftwareApplication;FAQPage","editorially_verified","88",""
"/tools/elevenlabs","/tools/elevenlabs","reviews","yes","standard","llms","","3680","2026-06-11","weekly","0.80","Article;BreadcrumbList;Review;SoftwareApplication;FAQPage","editorially_verified","88",""
"/tools/flowise","/tools/flowise","reviews","yes","standard","llms","2","4040","2026-06-11","weekly","0.80","Article;BreadcrumbList;Review;SoftwareApplication;FAQPage","editorially_verified","88",""
"/github-copilot","/github-copilot","reviews","yes","standard","llms","","4421","2026-06-11","weekly","0.80","Article;BreadcrumbList;Review;SoftwareApplication;FAQPage","editorially_verified","88",""
"/tools/intercom-ai","/tools/intercom-ai","reviews","yes","standard","llms","","3598","2026-06-11","weekly","0.80","Article;BreadcrumbList;Review;SoftwareApplication;FAQPage","editorially_verified","88",""
"/tools/langflow","/tools/langflow","reviews","yes","standard","llms","","3974","2026-06-11","weekly","0.80","Article;BreadcrumbList;Review;SoftwareApplication;FAQPage","editorially_verified","88",""
"/tools/langgraph","/tools/langgraph","reviews","yes","standard","llms","","3627","2026-06-11","weekly","0.80","Article;BreadcrumbList;Review;SoftwareApplication;FAQPage","editorially_verified","88",""
"/tools/llamaindex","/tools/llamaindex","reviews","yes","standard","llms","","3624","2026-06-11","weekly","0.80","Article;BreadcrumbList;Review;SoftwareApplication;FAQPage","editorially_verified","88",""
"/tools/n8n","/tools/n8n","reviews","yes","standard","llms","","3965","2026-06-11","weekly","0.80","Article;BreadcrumbList;Review;SoftwareApplication;FAQPage","editorially_verified","88",""
"/tools/open-interpreter","/tools/open-interpreter","reviews","yes","standard","llms","","3319","2026-06-11","weekly","0.80","Article;BreadcrumbList;Review;SoftwareApplication;FAQPage","editorially_verified","88",""
"/tools/openai-agents-sdk","/tools/openai-agents-sdk","reviews","yes","standard","llms","","3751","2026-06-11","weekly","0.80","Article;BreadcrumbList;Review;SoftwareApplication;FAQPage","editorially_verified","88",""
"/replit-agent","/replit-agent","reviews","yes","standard","llms","","4354","2026-06-11","weekly","0.80","Article;BreadcrumbList;Review;SoftwareApplication;FAQPage","editorially_verified","88",""
"/tools/retell-ai","/tools/retell-ai","reviews","yes","standard","llms","","3686","2026-06-11","weekly","0.80","Article;BreadcrumbList;Review;SoftwareApplication;FAQPage","editorially_verified","88",""
"/tools/semantic-kernel","/tools/semantic-kernel","reviews","yes","standard","llms","","3687","2026-06-11","weekly","0.80","Article;BreadcrumbList;Review;SoftwareApplication;FAQPage","editorially_verified","88",""
"/tools/superagent","/tools/superagent","reviews","yes","standard","llms","","3247","2026-06-11","weekly","0.80","Article;BreadcrumbList;Review;SoftwareApplication;FAQPage","editorially_verified","88",""
"/tools/vapi-ai","/tools/vapi-ai","reviews","yes","standard","llms","2","3710","2026-06-11","weekly","0.80","Article;BreadcrumbList;Review;SoftwareApplication;FAQPage","editorially_verified","88",""
"/windsurf","/windsurf","reviews","yes","standard","llms","","4296","2026-06-11","weekly","0.80","Article;BreadcrumbList;Review;SoftwareApplication;FAQPage","editorially_verified","88",""
"/tools/yellow-ai","/tools/yellow-ai","reviews","yes","standard","llms","","4408","2026-06-11","weekly","0.80","Article;BreadcrumbList;Review;SoftwareApplication;FAQPage","editorially_verified","88",""
"/ai-agent-statistics-2026","/ai-agent-statistics-2026","statistics","no","standard","not listed","","272","2026-06-11","monthly","0.80","Article;BreadcrumbList","mapped","76","missing sitemap;thin content"
"/how-we-test-ai-agents","/how-we-test-ai-agents","testing-lab","no","standard","not listed","","239","2026-06-11","monthly","0.80","Article;BreadcrumbList","mapped","76","missing sitemap;thin content"
"/tools/cursor-ai","/tools/cursor-ai","tools","yes","standard","llms","2","4363","2026-06-11","weekly","0.80","Article;BreadcrumbList;Review;SoftwareApplication;FAQPage","editorially_verified","88",""
"/affiliate-disclosure","/affiliate-disclosure","editorial","yes","standard","llms","","2500","2026-06-11","monthly","0.75","WebPage;BreadcrumbList;Article","editorial_policy_verified","96",""
"/contact","/contact","editorial","yes","standard","llms","","2500","2026-06-11","monthly","0.75","WebPage;BreadcrumbList;Article","editorial_policy_verified","96",""
"/cookie-settings","/cookie-settings","trust","no","standard","not listed","","246","2026-06-11","monthly","0.80","Article;BreadcrumbList","mapped","76","missing sitemap;thin content"
"/corrections-policy","/corrections-policy","editorial","yes","standard","llms","","2500","2026-06-11","monthly","0.75","WebPage;BreadcrumbList;Article","editorial_policy_verified","96",""
"/data-deletion-request","/data-deletion-request","editorial","yes","standard","llms","","2500","2026-06-11","monthly","0.75","WebPage;BreadcrumbList;Article","editorial_policy_verified","96",""
"/editorial-policy","/editorial-policy","editorial","yes","standard","llms","3","2500","2026-06-11","monthly","0.75","WebPage;BreadcrumbList;Article","editorial_policy_verified","96",""
"/methodology","/methodology","editorial","yes","standard","llms","2","2500","2026-06-11","monthly","0.75","WebPage;BreadcrumbList;Article","editorial_policy_verified","96",""
"/privacy-policy","/privacy-policy","editorial","yes","standard","llms","","2500","2026-06-11","monthly","0.75","WebPage;BreadcrumbList;Article","editorial_policy_verified","96",""
"/team","/team","editorial","yes","standard","llms","","2500","2026-06-11","monthly","0.75","WebPage;BreadcrumbList;Article","editorial_policy_verified","96",""
"/terms","/terms","editorial","yes","standard","llms","","2500","2026-06-11","monthly","0.75","WebPage;BreadcrumbList;Article","editorial_policy_verified","96",""
"/how-to-build-ai-agent-with-crewai","/how-to-build-ai-agent-with-crewai","tutorials","yes","standard","llms","","3598","2026-06-11","monthly","0.80","Article;BreadcrumbList;HowTo;FAQPage","mapped","76",""
"/how-to-build-ai-agent-with-flowise","/how-to-build-ai-agent-with-flowise","tutorials","yes","standard","llms","","3695","2026-06-11","monthly","0.80","Article;BreadcrumbList;HowTo;FAQPage","mapped","76",""
"/how-to-build-multi-agent-system","/how-to-build-multi-agent-system","tutorials","yes","standard","llms","","3524","2026-06-11","monthly","0.80","Article;BreadcrumbList;HowTo;FAQPage","mapped","76",""
"/how-to-connect-claude-to-mcp","/how-to-connect-claude-to-mcp","tutorials","yes","standard","llms","","3512","2026-06-11","monthly","0.80","Article;BreadcrumbList;HowTo;FAQPage","mapped","76",""
"/how-to-create-mcp-server","/how-to-create-mcp-server","tutorials","yes","standard","llms","","3529","2026-06-11","monthly","0.80","Article;BreadcrumbList;HowTo;FAQPage","mapped","76",""
"/how-to-install-cursor","/how-to-install-cursor","tutorials","yes","standard","llms","","3528","2026-06-11","monthly","0.80","Article;BreadcrumbList;HowTo;FAQPage","mapped","76",""
"/how-to-set-up-claude-code","/how-to-set-up-claude-code","tutorials","yes","standard","llms","","3512","2026-06-11","monthly","0.80","Article;BreadcrumbList;HowTo;FAQPage","mapped","76",""
"/how-to-use-cursor-ai","/how-to-use-cursor-ai","tutorials","yes","standard","llms","","3492","2026-06-11","monthly","0.80","Article;BreadcrumbList;HowTo;FAQPage","mapped","76",""
"/how-to-use-github-copilot","/how-to-use-github-copilot","tutorials","yes","standard","llms","","3515","2026-06-11","monthly","0.80","Article;BreadcrumbList;HowTo;FAQPage","mapped","76",""
"/how-to-use-retell","/how-to-use-retell","tutorials","yes","standard","llms","","3361","2026-06-11","monthly","0.80","Article;BreadcrumbList;HowTo;FAQPage","mapped","76",""
"/how-to-use-vapi","/how-to-use-vapi","tutorials","yes","standard","llms","","3402","2026-06-11","monthly","0.80","Article;BreadcrumbList;HowTo;FAQPage","mapped","76",""
"/coding-agents-hub","/coding-agents-hub","hubs","yes","standard","llms","","2500","2026-06-11","weekly","0.90","WebPage;BreadcrumbList;ItemList;FAQPage","mapped","76",""
"/business-ai-hub","/business-ai-hub","hubs","yes","standard","llms","","2500","2026-06-11","weekly","0.90","WebPage;BreadcrumbList;ItemList;FAQPage","mapped","76",""
"/ai-agent-builders-hub","/ai-agent-builders-hub","hubs","yes","standard","llms","","2500","2026-06-11","weekly","0.90","WebPage;BreadcrumbList;ItemList;FAQPage","mapped","76",""
"/voice-ai-hub","/voice-ai-hub","hubs","yes","standard","llms","","2500","2026-06-11","weekly","0.90","WebPage;BreadcrumbList;ItemList;FAQPage","mapped","76",""
"/tutorials-hub","/tutorials-hub","hubs","yes","standard","llms","","2500","2026-06-11","weekly","0.90","WebPage;BreadcrumbList;ItemList;FAQPage","mapped","76",""
"/glossary-hub","/glossary-hub","hubs","yes","standard","llms","","2500","2026-06-11","weekly","0.90","WebPage;BreadcrumbList;ItemList;FAQPage","mapped","76",""
"/mcp-hub","/mcp-hub","hubs","yes","standard","llms","","2500","2026-06-11","weekly","0.90","WebPage;BreadcrumbList;ItemList;FAQPage","mapped","76",""
"/free-ai-agents-hub","/free-ai-agents-hub","hubs","yes","standard","llms","","2500","2026-06-11","weekly","0.90","WebPage;BreadcrumbList;ItemList;FAQPage","mapped","76",""
"/buyers-guides-hub","/buyers-guides-hub","hubs","yes","standard","llms","","2500","2026-06-11","weekly","0.90","WebPage;BreadcrumbList;ItemList;FAQPage;CollectionPage","mapped","76",""
"/india-hub","/india-hub","hubs","yes","standard","llms","","2500","2026-06-11","weekly","0.90","WebPage;BreadcrumbList;ItemList;FAQPage","mapped","76",""
"/calculators-hub","/calculators-hub","hubs","yes","standard","llms","","2500","2026-06-11","weekly","0.90","WebPage;BreadcrumbList;ItemList;FAQPage;CollectionPage","mapped","76",""
"/reddit-hub","/reddit-hub","hubs","yes","standard","llms","","2500","2026-06-11","weekly","0.90","WebPage;BreadcrumbList;ItemList;FAQPage;CollectionPage","mapped","76",""
"/entity-hub","/entity-hub","hubs","yes","standard","llms","","2500","2026-06-11","weekly","0.90","WebPage;BreadcrumbList;ItemList;FAQPage;CollectionPage","mapped","76",""
"/directories-hub","/directories-hub","hubs","yes","standard","llms","","2500","2026-06-11","weekly","0.90","WebPage;BreadcrumbList;ItemList;FAQPage;CollectionPage","mapped","76",""
"/ai-agent-benchmark","/ai-agent-benchmark","editorial","yes","standard","llms","","2500","2026-06-11","monthly","0.75","WebPage;BreadcrumbList;Article","editorial_policy_verified","96",""
"/ai-agent-rankings","/ai-agent-rankings","editorial","yes","standard","llms","","2500","2026-06-11","monthly","0.75","WebPage;BreadcrumbList;Article","editorial_policy_verified","96",""
"/ai-agent-awards","/ai-agent-awards","editorial","yes","standard","llms","","2500","2026-06-11","monthly","0.75","WebPage;BreadcrumbList;Article","editorial_policy_verified","96",""
"/ai-agent-glossary","/ai-agent-glossary","editorial","yes","standard","llms","","2500","2026-06-11","monthly","0.75","WebPage;BreadcrumbList;Article","editorial_policy_verified","96",""
"/ai-agent-scoring-system","/ai-agent-scoring-system","editorial","yes","standard","llms","3","2500","2026-06-11","monthly","0.75","WebPage;BreadcrumbList;Article","editorial_policy_verified","96",""
"/ai-agent-tools","/ai-agent-tools","editorial","yes","standard","llms","","2500","2026-06-11","monthly","0.75","WebPage;BreadcrumbList;Article","editorial_policy_verified","96",""
"/authors/arshdeep-singh","/authors/arshdeep-singh","authors","yes","standard","llms","","2500","2026-06-11","monthly","0.70","Person;BreadcrumbList;WebPage","editorial_policy_verified","96",""
"/authors/priya-iyer","/authors/priya-iyer","authors","yes","standard","llms","","2500","2026-06-11","monthly","0.70","Person;BreadcrumbList;WebPage","editorial_policy_verified","96",""
"/authors/karan-mehra","/authors/karan-mehra","authors","yes","standard","llms","","2500","2026-06-11","monthly","0.70","Person;BreadcrumbList;WebPage","editorial_policy_verified","96",""
"/ai-agent-ranking","/ai-agent-ranking","ai-agent-core","no","standard","llms","","2500","2026-06-11","weekly","0.86","Article;FAQPage;BreadcrumbList","mapped","76","missing sitemap"
"/best-ai-agent-index","/best-ai-agent-index","ai-agent-core","no","standard","not listed","","2500","2026-06-11","weekly","0.9","Article;FAQPage;BreadcrumbList","mapped","76","missing sitemap"
"/best-ai-agent-rankings","/best-ai-agent-rankings","ai-agent-core","no","standard","not listed","","2500","2026-06-11","weekly","0.88","Article;FAQPage;BreadcrumbList","mapped","76","missing sitemap"
"/ai-agent-comparison","/ai-agent-comparison","ai-agent-core","no","standard","not listed","","2500","2026-06-11","weekly","0.9","Article;FAQPage;BreadcrumbList","mapped","76","missing sitemap"
"/ai-coding-agents","/ai-coding-agents","coding-agents","no","standard","not listed","","2500","2026-06-11","weekly","0.94","Article;FAQPage;BreadcrumbList","mapped","76","missing sitemap"
"/best-ai-agent-for-coding","/best-ai-agent-for-coding","coding-agents","no","standard","not listed","2","2500","2026-06-11","weekly","0.96","Article;FAQPage;BreadcrumbList","mapped","76","missing sitemap"
"/best-ai-agent-for-vs-code","/best-ai-agent-for-vs-code","coding-agents","no","standard","not listed","","2500","2026-06-11","weekly","0.9","Article;FAQPage;BreadcrumbList","mapped","76","missing sitemap"
"/best-ai-agent-extension-for-vs-code","/best-ai-agent-extension-for-vs-code","coding-agents","no","standard","not listed","","2500","2026-06-11","weekly","0.85","Article;FAQPage;BreadcrumbList","mapped","76","missing sitemap"
"/best-ai-agent-for-ides","/best-ai-agent-for-ides","coding-agents","no","standard","not listed","","2500","2026-06-11","weekly","0.84","Article;FAQPage;BreadcrumbList","mapped","76","missing sitemap"
"/best-ai-agent-for-code-review","/best-ai-agent-for-code-review","coding-agents","no","standard","not listed","","2500","2026-06-11","weekly","0.83","Article;FAQPage;BreadcrumbList","mapped","76","missing sitemap"
"/best-ai-agent-for-frontend-development","/best-ai-agent-for-frontend-development","coding-agents","no","standard","not listed","","2500","2026-06-11","weekly","0.82","Article;FAQPage;BreadcrumbList","mapped","76","missing sitemap"
"/best-ai-agent-for-backend-development","/best-ai-agent-for-backend-development","coding-agents","no","standard","not listed","","2500","2026-06-11","weekly","0.82","Article;FAQPage;BreadcrumbList","mapped","76","missing sitemap"
"/best-ai-agent-for-codex","/best-ai-agent-for-codex","coding-agents","no","standard","not listed","","2500","2026-06-11","weekly","0.72","Article;FAQPage;BreadcrumbList","mapped","76","missing sitemap"
"/best-ai-agent-for-windsurf","/best-ai-agent-for-windsurf","coding-agents","no","standard","not listed","","2500","2026-06-11","weekly","0.71","Article;FAQPage;BreadcrumbList","mapped","76","missing sitemap"
"/best-ai-agent-for-replit","/best-ai-agent-for-replit","coding-agents","no","standard","not listed","","2500","2026-06-11","weekly","0.7","Article;FAQPage;BreadcrumbList","mapped","76","missing sitemap"
"/ai-agents-for-business","/ai-agents-for-business","business-ai-agents","no","standard","not listed","","2500","2026-06-11","weekly","0.93","Article;FAQPage;BreadcrumbList","mapped","76","missing sitemap"
"/ai-agents-for-enterprises","/ai-agents-for-enterprises","business-ai-agents","no","standard","not listed","","2500","2026-06-11","weekly","0.9","Article;FAQPage;BreadcrumbList","mapped","76","missing sitemap"
"/ai-agents-for-smes","/ai-agents-for-smes","business-ai-agents","no","standard","not listed","","2500","2026-06-11","weekly","0.91","Article;FAQPage;BreadcrumbList","mapped","76","missing sitemap"
"/ai-agents-for-workflow-automation","/ai-agents-for-workflow-automation","business-ai-agents","no","standard","not listed","","2500","2026-06-11","weekly","0.85","Article;FAQPage;BreadcrumbList","mapped","76","missing sitemap"
"/ai-agents-for-support-automation","/ai-agents-for-support-automation","business-ai-agents","no","standard","not listed","","2500","2026-06-11","weekly","0.88","Article;FAQPage;BreadcrumbList","mapped","76","missing sitemap"
"/ai-agents-for-sales","/ai-agents-for-sales","business-ai-agents","no","standard","not listed","","2500","2026-06-11","weekly","0.86","Article;FAQPage;BreadcrumbList","mapped","76","missing sitemap"
"/ai-agents-for-finance","/ai-agents-for-finance","business-ai-agents","no","standard","not listed","","2500","2026-06-11","weekly","0.8","Article;FAQPage;BreadcrumbList","mapped","76","missing sitemap"
"/ai-agents-for-crm","/ai-agents-for-crm","business-ai-agents","no","standard","not listed","","2500","2026-06-11","weekly","0.84","Article;FAQPage;BreadcrumbList","mapped","76","missing sitemap"
"/ai-agents-for-security","/ai-agents-for-security","business-ai-agents","no","standard","not listed","","2500","2026-06-11","weekly","0.79","Article;FAQPage;BreadcrumbList","mapped","76","missing sitemap"
"/ai-agents-for-marketing","/ai-agents-for-marketing","business-ai-agents","no","standard","not listed","","2500","2026-06-11","weekly","0.83","Article;FAQPage;BreadcrumbList","mapped","76","missing sitemap"
"/ai-agents-for-healthcare","/ai-agents-for-healthcare","business-ai-agents","no","standard","not listed","","2500","2026-06-11","weekly","0.78","Article;FAQPage;BreadcrumbList","mapped","76","missing sitemap"
"/ai-agents-for-hr","/ai-agents-for-hr","business-ai-agents","no","standard","not listed","","2500","2026-06-11","weekly","0.77","Article;FAQPage;BreadcrumbList","mapped","76","missing sitemap"
"/ai-agents-for-procurement","/ai-agents-for-procurement","business-ai-agents","no","standard","not listed","","2500","2026-06-11","weekly","0.75","Article;FAQPage;BreadcrumbList","mapped","76","missing sitemap"
"/yellow-ai-for-enterprise-support","/yellow-ai-for-enterprise-support","business-ai-agents","no","standard","not listed","","2500","2026-06-11","weekly","0.77","Article;FAQPage;BreadcrumbList","mapped","76","missing sitemap"
"/intercom-for-ai-support","/intercom-for-ai-support","business-ai-agents","no","standard","not listed","","2500","2026-06-11","weekly","0.76","Article;FAQPage;BreadcrumbList","mapped","76","missing sitemap"
"/best-ai-agent-for-legal","/best-ai-agent-for-legal","business-ai-agents","no","standard","not listed","","2500","2026-06-11","weekly","0.76","Article;FAQPage;BreadcrumbList","mapped","76","missing sitemap"
"/best-ai-agent-creator","/best-ai-agent-creator","ai-agent-builders","no","standard","not listed","","2500","2026-06-11","weekly","0.85","Article;FAQPage;BreadcrumbList","mapped","76","missing sitemap"
"/best-ai-agent-maker","/best-ai-agent-maker","ai-agent-builders","no","standard","not listed","","2500","2026-06-11","weekly","0.84","Article;FAQPage;BreadcrumbList","mapped","76","missing sitemap"
"/best-ai-agent-app-builder","/best-ai-agent-app-builder","ai-agent-builders","no","standard","not listed","","2500","2026-06-11","weekly","0.83","Article;FAQPage;BreadcrumbList","mapped","76","missing sitemap"
"/best-ai-agent-no-code-platform","/best-ai-agent-no-code-platform","ai-agent-builders","no","standard","not listed","","2500","2026-06-11","weekly","0.87","Article;FAQPage;BreadcrumbList","mapped","76","missing sitemap"
"/best-ai-agent-orchestration-platform","/best-ai-agent-orchestration-platform","ai-agent-builders","no","standard","not listed","","2500","2026-06-11","weekly","0.82","Article;FAQPage;BreadcrumbList","mapped","76","missing sitemap"
"/best-ai-agent-management-platform","/best-ai-agent-management-platform","ai-agent-builders","no","standard","not listed","","2500","2026-06-11","weekly","0.8","Article;FAQPage;BreadcrumbList","mapped","76","missing sitemap"
"/best-ai-agent-for-n8n-workflows","/best-ai-agent-for-n8n-workflows","ai-agent-builders","no","standard","not listed","","2500","2026-06-11","weekly","0.76","Article;FAQPage;BreadcrumbList","mapped","76","missing sitemap"
"/best-ai-agent-for-langgraph","/best-ai-agent-for-langgraph","ai-agent-builders","no","standard","not listed","","2500","2026-06-11","weekly","0.76","Article;FAQPage;BreadcrumbList","mapped","76","missing sitemap"
"/best-ai-agent-for-autogen","/best-ai-agent-for-autogen","ai-agent-builders","no","standard","not listed","","2500","2026-06-11","weekly","0.74","Article;FAQPage;BreadcrumbList","mapped","76","missing sitemap"
"/best-ai-voice-agent-platform","/best-ai-voice-agent-platform","voice-ai-agents","no","standard","not listed","","2500","2026-06-11","weekly","0.86","Article;FAQPage;BreadcrumbList","mapped","76","missing sitemap"
"/best-ai-agent-for-call-centers","/best-ai-agent-for-call-centers","voice-ai-agents","no","standard","not listed","","2500","2026-06-11","weekly","0.85","Article;FAQPage;BreadcrumbList","mapped","76","missing sitemap"
"/best-ai-agent-workflow-tools","/best-ai-agent-workflow-tools","voice-ai-agents","no","standard","not listed","","2500","2026-06-11","weekly","0.8","Article;FAQPage;BreadcrumbList","mapped","76","missing sitemap"
"/best-open-source-ai-agent-tools","/best-open-source-ai-agent-tools","open-source-ai-agents","no","standard","not listed","","2500","2026-06-11","weekly","0.85","CollectionPage;ItemList;BreadcrumbList","mapped","76","missing sitemap"
"/mcp-hosting","/mcp-hosting","mcp-servers","no","standard","not listed","","2500","2026-06-11","weekly","0.8","Article;FAQPage;BreadcrumbList","mapped","76","missing sitemap"
"/mcp-use-cases","/mcp-use-cases","mcp-servers","no","standard","not listed","","2500","2026-06-11","weekly","0.81","Article;FAQPage;BreadcrumbList","mapped","76","missing sitemap"
"/mcp-for-ai-agents","/mcp-for-ai-agents","mcp-servers","no","standard","not listed","3","2500","2026-06-11","weekly","0.84","Article;HowTo;BreadcrumbList","mapped","76","missing sitemap"
"/best-ai-agent-certification","/best-ai-agent-certification","courses-certifications","no","standard","not listed","","2500","2026-06-11","weekly","0.78","Article;FAQPage;BreadcrumbList","mapped","76","missing sitemap"
"/best-ai-agent-course-for-beginners","/best-ai-agent-course-for-beginners","courses-certifications","no","standard","not listed","","2500","2026-06-11","weekly","0.79","Article;FAQPage;BreadcrumbList","mapped","76","missing sitemap"
"/how-to-create-an-ai-agent","/how-to-create-an-ai-agent","courses-certifications","no","standard","not listed","","2500","2026-06-11","weekly","0.86","Article;HowTo;BreadcrumbList","mapped","76","missing sitemap"
"/ai-agent-project-ideas","/ai-agent-project-ideas","courses-certifications","no","standard","not listed","","2500","2026-06-11","weekly","0.78","Article;FAQPage;BreadcrumbList","mapped","76","missing sitemap"
"/ai-agent-github-projects","/ai-agent-github-projects","courses-certifications","no","standard","not listed","","2500","2026-06-11","weekly","0.79","Article;FAQPage;BreadcrumbList","mapped","76","missing sitemap"
"/ai-agent-learning-path","/ai-agent-learning-path","courses-certifications","no","standard","not listed","","2500","2026-06-11","weekly","0.82","Article;FAQPage;BreadcrumbList","mapped","76","missing sitemap"
"/ai-agent-research","/ai-agent-research","research-benchmarks","no","standard","not listed","","2500","2026-06-11","weekly","0.75","CollectionPage;ItemList;BreadcrumbList","mapped","76","missing sitemap"
"/best-ai-agent-for-research","/best-ai-agent-for-research","research-benchmarks","no","standard","not listed","","2500","2026-06-11","weekly","0.78","Article;FAQPage;BreadcrumbList","mapped","76","missing sitemap"
"/best-ai-agent-for-data-analysis","/best-ai-agent-for-data-analysis","research-benchmarks","no","standard","not listed","","2500","2026-06-11","weekly","0.79","Article;FAQPage;BreadcrumbList","mapped","76","missing sitemap"
"/best-ai-agent-for-presentations","/best-ai-agent-for-presentations","research-benchmarks","no","standard","not listed","","2500","2026-06-11","weekly","0.76","Article;FAQPage;BreadcrumbList","mapped","76","missing sitemap"
"/best-ai-agent-for-personal-use","/best-ai-agent-for-personal-use","research-benchmarks","no","standard","not listed","","2500","2026-06-11","weekly","0.78","Article;FAQPage;BreadcrumbList","mapped","76","missing sitemap"
"/best-ai-agent-personal-assistant","/best-ai-agent-personal-assistant","research-benchmarks","no","standard","not listed","","2500","2026-06-11","weekly","0.77","Article;FAQPage;BreadcrumbList","mapped","76","missing sitemap"
"/best-ai-agent-for-productivity","/best-ai-agent-for-productivity","research-benchmarks","no","standard","not listed","","2500","2026-06-11","weekly","0.79","Article;FAQPage;BreadcrumbList","mapped","76","missing sitemap"
"/best-ai-agent-with-memory","/best-ai-agent-with-memory","research-benchmarks","no","standard","not listed","","2500","2026-06-11","weekly","0.8","Article;FAQPage;BreadcrumbList","mapped","76","missing sitemap"
"/best-ai-agent-for-job-search","/best-ai-agent-for-job-search","research-benchmarks","no","standard","not listed","","2500","2026-06-11","weekly","0.75","Article;FAQPage;BreadcrumbList","mapped","76","missing sitemap"
"/best-ai-agent-for-job-applications","/best-ai-agent-for-job-applications","research-benchmarks","no","standard","not listed","","2500","2026-06-11","weekly","0.74","Article;FAQPage;BreadcrumbList","mapped","76","missing sitemap"
"/codex-pricing","/codex-pricing","pricing-intelligence","no","standard","not listed","","2500","2026-06-11","weekly","0.72","Article;FAQPage;BreadcrumbList","mapped","76","missing sitemap"
"/replit-pricing","/replit-pricing","pricing-intelligence","no","standard","not listed","","2500","2026-06-11","weekly","0.7","Article;FAQPage;BreadcrumbList","mapped","76","missing sitemap"
"/retell-pricing","/retell-pricing","pricing-intelligence","no","standard","not listed","","2500","2026-06-11","weekly","0.83","Article;FAQPage;BreadcrumbList","mapped","76","missing sitemap"
"/crewai-pricing","/crewai-pricing","pricing-intelligence","no","standard","not listed","","2500","2026-06-11","weekly","0.8","Article;FAQPage;BreadcrumbList","mapped","76","missing sitemap"
"/langgraph-pricing","/langgraph-pricing","pricing-intelligence","no","standard","not listed","","2500","2026-06-11","weekly","0.73","Article;FAQPage;BreadcrumbList","mapped","76","missing sitemap"
"/autogen-pricing","/autogen-pricing","pricing-intelligence","no","standard","not listed","","2500","2026-06-11","weekly","0.71","Article;FAQPage;BreadcrumbList","mapped","76","missing sitemap"
"/codex-alternatives","/codex-alternatives","alternatives","yes","standard","llms","","2500","2026-06-11","weekly","0.72","Article;FAQPage;BreadcrumbList","editorially_verified","88",""
"/replit-alternatives","/replit-alternatives","alternatives","yes","standard","llms","","2500","2026-06-11","weekly","0.7","Article;FAQPage;BreadcrumbList","editorially_verified","88",""
"/langgraph-alternatives","/langgraph-alternatives","alternatives","yes","standard","llms","","2500","2026-06-11","weekly","0.73","Article;FAQPage;BreadcrumbList","editorially_verified","88",""
"/autogen-alternatives","/autogen-alternatives","alternatives","yes","standard","llms","","2500","2026-06-11","weekly","0.71","Article;FAQPage;BreadcrumbList","editorially_verified","88",""
"/crewai-alternatives","/crewai-alternatives","alternatives","yes","standard","llms","","2500","2026-06-11","weekly","0.8","Article;FAQPage;BreadcrumbList","editorially_verified","88",""
"/yellow-ai-alternatives","/yellow-ai-alternatives","alternatives","yes","standard","llms","","2500","2026-06-11","weekly","0.79","Article;FAQPage;BreadcrumbList","editorially_verified","88",""
"/implementation-tutorials-hub","/implementation-tutorials-hub","tutorials","yes","standard","llms","","2500","2026-06-11","weekly","0.85","CollectionPage;ItemList;BreadcrumbList","mapped","76",""
"/best-ai-agent-course-reddit","/best-ai-agent-course-reddit","tutorials","yes","standard","llms","","2500","2026-06-11","weekly","0.76","Article;FAQPage;BreadcrumbList","mapped","76",""
"/how-to-use-codex","/how-to-use-codex","tutorials","yes","standard","llms","","2500","2026-06-11","weekly","0.72","Article;HowTo;BreadcrumbList","mapped","76",""
"/how-to-use-windsurf","/how-to-use-windsurf","tutorials","yes","standard","llms","","2500","2026-06-11","weekly","0.71","Article;HowTo;BreadcrumbList","mapped","76",""
"/how-to-use-replit-agent","/how-to-use-replit-agent","tutorials","yes","standard","llms","","2500","2026-06-11","weekly","0.7","Article;HowTo;BreadcrumbList","mapped","76",""
"/how-to-use-yellow-ai","/how-to-use-yellow-ai","tutorials","yes","standard","llms","","2500","2026-06-11","weekly","0.79","Article;HowTo;BreadcrumbList","mapped","76",""
"/how-to-use-intercom","/how-to-use-intercom","tutorials","yes","standard","llms","","2500","2026-06-11","weekly","0.78","Article;HowTo;BreadcrumbList","mapped","76",""
"/how-to-build-ai-agent-with-dify","/how-to-build-ai-agent-with-dify","tutorials","yes","standard","llms","","2500","2026-06-11","weekly","0.82","Article;HowTo;BreadcrumbList","mapped","76",""
"/how-to-use-n8n","/how-to-use-n8n","tutorials","yes","standard","llms","","2500","2026-06-11","weekly","0.8","Article;HowTo;BreadcrumbList","mapped","76",""
"/how-to-build-ai-agent-with-autogen","/how-to-build-ai-agent-with-autogen","tutorials","yes","standard","llms","","2500","2026-06-11","weekly","0.74","Article;HowTo;BreadcrumbList","mapped","76",""
"/how-to-setup-langgraph","/how-to-setup-langgraph","tutorials","yes","standard","llms","","2500","2026-06-11","weekly","0.81","Article;HowTo;BreadcrumbList","mapped","76",""
"/how-to-integrate-ai-agent-with-whatsapp","/how-to-integrate-ai-agent-with-whatsapp","tutorials","yes","standard","llms","","2500","2026-06-11","weekly","0.86","Article;HowTo;BreadcrumbList","mapped","76",""
"/what-is-ai-agent-memory","/what-is-ai-agent-memory","glossary","yes","standard","llms","","2500","2026-06-11","weekly","0.81","Article;FAQPage;DefinedTerm;BreadcrumbList","mapped","76",""
"/dpdp-act-ai-compliance","/dpdp-act-ai-compliance","security-compliance","no","standard","not listed","","2500","2026-06-11","weekly","0.85","Article;FAQPage;BreadcrumbList","mapped","76","missing sitemap"
"/buyers-guides","/buyers-guides","buyers-guides","yes","standard","llms","","2500","2026-06-11","weekly","0.88","CollectionPage;ItemList;BreadcrumbList","editorially_verified","88",""
"/best-ai-agent-for-enterprises","/best-ai-agent-for-enterprises","buyers-guides","yes","standard","llms","","2500","2026-06-11","weekly","0.85","Article;FAQPage;BreadcrumbList","editorially_verified","88",""
"/best-ai-agent-for-saas","/best-ai-agent-for-saas","buyers-guides","yes","standard","llms","","2500","2026-06-11","weekly","0.83","Article;FAQPage;BreadcrumbList","editorially_verified","88",""
"/best-ai-agent-for-freelancers","/best-ai-agent-for-freelancers","buyers-guides","yes","standard","llms","","2500","2026-06-11","weekly","0.81","Article;FAQPage;BreadcrumbList","editorially_verified","88",""
"/best-ai-agent-for-solopreneurs","/best-ai-agent-for-solopreneurs","buyers-guides","yes","standard","llms","","2500","2026-06-11","weekly","0.8","Article;FAQPage;BreadcrumbList","editorially_verified","88",""
"/best-ai-agent-for-indian-businesses","/best-ai-agent-for-indian-businesses","buyers-guides","yes","standard","llms","","2500","2026-06-11","weekly","0.87","Article;FAQPage;BreadcrumbList","editorially_verified","88",""
"/best-ai-agent-for-developers","/best-ai-agent-for-developers","buyers-guides","yes","standard","llms","","2500","2026-06-11","weekly","0.84","Article;FAQPage;BreadcrumbList","editorially_verified","88",""
"/best-ai-agent-for-students","/best-ai-agent-for-students","buyers-guides","yes","standard","llms","","2500","2026-06-11","weekly","0.78","Article;FAQPage;BreadcrumbList","editorially_verified","88",""
"/best-ai-agent-for-content-creators","/best-ai-agent-for-content-creators","buyers-guides","yes","standard","llms","","2500","2026-06-11","weekly","0.81","Article;FAQPage;BreadcrumbList","editorially_verified","88",""
"/reddit","/reddit","reddit-community-intent","no","standard","llms","","2500","2026-06-11","weekly","0.79","CollectionPage;ItemList;BreadcrumbList","mapped","76","missing sitemap"
"/cursor-ai-reddit-review","/cursor-ai-reddit-review","reddit-community-intent","no","standard","not listed","","2500","2026-06-11","weekly","0.8","Article;FAQPage;BreadcrumbList","mapped","76","missing sitemap"
"/claude-code-reddit-review","/claude-code-reddit-review","reddit-community-intent","no","standard","not listed","","2500","2026-06-11","weekly","0.78","Article;FAQPage;BreadcrumbList","mapped","76","missing sitemap"
"/github-copilot-reddit-review","/github-copilot-reddit-review","reddit-community-intent","no","standard","not listed","","2500","2026-06-11","weekly","0.79","Article;FAQPage;BreadcrumbList","mapped","76","missing sitemap"
"/flowise-reddit-review","/flowise-reddit-review","reddit-community-intent","no","standard","not listed","","2500","2026-06-11","weekly","0.76","Article;FAQPage;BreadcrumbList","mapped","76","missing sitemap"
"/vapi-reddit-review","/vapi-reddit-review","reddit-community-intent","no","standard","not listed","","2500","2026-06-11","weekly","0.77","Article;FAQPage;BreadcrumbList","mapped","76","missing sitemap"
"/retell-reddit-review","/retell-reddit-review","reddit-community-intent","no","standard","not listed","","2500","2026-06-11","weekly","0.75","Article;FAQPage;BreadcrumbList","mapped","76","missing sitemap"
"/best-ai-agent-reddit","/best-ai-agent-reddit","reddit-community-intent","no","standard","not listed","","2500","2026-06-11","weekly","0.81","Article;FAQPage;BreadcrumbList","mapped","76","missing sitemap"
"/best-ai-coding-agent-reddit","/best-ai-coding-agent-reddit","reddit-community-intent","no","standard","not listed","","2500","2026-06-11","weekly","0.8","Article;FAQPage;BreadcrumbList","mapped","76","missing sitemap"
"/best-ai-agent-builder-reddit","/best-ai-agent-builder-reddit","reddit-community-intent","no","standard","not listed","","2500","2026-06-11","weekly","0.78","Article;FAQPage;BreadcrumbList","mapped","76","missing sitemap"
"/ai-agent-directory","/ai-agent-directory","directories","yes","standard","llms","","2500","2026-06-11","weekly","0.82","CollectionPage;ItemList;BreadcrumbList","partially_verified","82",""
"/coding-agents","/coding-agents","directories","yes","standard","llms","","2500","2026-06-11","weekly","0.81","CollectionPage;ItemList;BreadcrumbList","partially_verified","82",""
"/coding-agents-directory","/coding-agents-directory","directories","yes","standard","llms","","2500","2026-06-11","weekly","0.8","CollectionPage;ItemList;BreadcrumbList","partially_verified","82",""
"/business-agents","/business-agents","directories","yes","standard","llms","","2500","2026-06-11","weekly","0.79","CollectionPage;ItemList;BreadcrumbList","partially_verified","82",""
"/business-agents-directory","/business-agents-directory","directories","yes","standard","llms","","2500","2026-06-11","weekly","0.78","CollectionPage;ItemList;BreadcrumbList","partially_verified","82",""
"/voice-agents","/voice-agents","directories","yes","standard","llms","","2500","2026-06-11","weekly","0.78","CollectionPage;ItemList;BreadcrumbList","partially_verified","82",""
"/voice-agents-directory","/voice-agents-directory","directories","yes","standard","llms","","2500","2026-06-11","weekly","0.77","CollectionPage;ItemList;BreadcrumbList","partially_verified","82",""
"/agent-builders","/agent-builders","directories","yes","standard","llms","","2500","2026-06-11","weekly","0.8","CollectionPage;ItemList;BreadcrumbList","partially_verified","82",""
"/agent-builders-directory","/agent-builders-directory","directories","yes","standard","llms","","2500","2026-06-11","weekly","0.79","CollectionPage;ItemList;BreadcrumbList","partially_verified","82",""
"/open-source-agents","/open-source-agents","directories","yes","standard","llms","","2500","2026-06-11","weekly","0.77","CollectionPage;ItemList;BreadcrumbList","partially_verified","82",""
"/open-source-agents-directory","/open-source-agents-directory","directories","yes","standard","llms","","2500","2026-06-11","weekly","0.76","CollectionPage;ItemList;BreadcrumbList","partially_verified","82",""
"/mcp-servers","/mcp-servers","directories","yes","standard","llms","","2500","2026-06-11","weekly","0.79","CollectionPage;ItemList;BreadcrumbList","partially_verified","82",""
"/mcp-servers-directory","/mcp-servers-directory","directories","yes","standard","llms","","2500","2026-06-11","weekly","0.78","CollectionPage;ItemList;BreadcrumbList","partially_verified","82",""
"/free-agents","/free-agents","directories","yes","standard","llms","","2500","2026-06-11","weekly","0.81","CollectionPage;ItemList;BreadcrumbList","partially_verified","82",""
"/free-agents-directory","/free-agents-directory","directories","yes","standard","llms","","2500","2026-06-11","weekly","0.8","CollectionPage;ItemList;BreadcrumbList","partially_verified","82",""
"/entity","/entity","entity-pages","no","standard","llms","","2500","2026-06-11","weekly","0.77","CollectionPage;ItemList;BreadcrumbList","mapped","76","missing sitemap"
"/companies","/companies","entity-pages","no","standard","not listed","","2500","2026-06-11","weekly","0.78","CollectionPage;ItemList;BreadcrumbList","mapped","76","missing sitemap"
"/models","/models","entity-pages","no","standard","not listed","","2500","2026-06-11","weekly","0.77","CollectionPage;ItemList;BreadcrumbList","mapped","76","missing sitemap"
"/agents","/agents","entity-pages","no","standard","not listed","","2500","2026-06-11","weekly","0.79","CollectionPage;ItemList;BreadcrumbList","mapped","76","missing sitemap"
"/frameworks","/frameworks","entity-pages","no","standard","not listed","","2500","2026-06-11","weekly","0.78","CollectionPage;ItemList;BreadcrumbList","mapped","76","missing sitemap"
"/builders","/builders","entity-pages","no","standard","not listed","","2500","2026-06-11","weekly","0.77","CollectionPage;ItemList;BreadcrumbList","mapped","76","missing sitemap"
"/mcp-server-entities","/mcp-server-entities","entity-pages","no","standard","not listed","","2500","2026-06-11","weekly","0.79","CollectionPage;ItemList;BreadcrumbList","mapped","76","missing sitemap"
"/vector-dbs","/vector-dbs","entity-pages","no","standard","not listed","","2500","2026-06-11","weekly","0.76","CollectionPage;ItemList;BreadcrumbList","mapped","76","missing sitemap"
"/hosting-platforms","/hosting-platforms","entity-pages","no","standard","not listed","","2500","2026-06-11","weekly","0.76","CollectionPage;ItemList;BreadcrumbList","mapped","76","missing sitemap"
"/cursor-ai-entity","/cursor-ai-entity","entity-pages","no","standard","not listed","","2500","2026-06-11","weekly","0.82","Article;BreadcrumbList","mapped","76","missing sitemap"
"/github-copilot-entity","/github-copilot-entity","entity-pages","no","standard","not listed","","2500","2026-06-11","weekly","0.8","Article;BreadcrumbList","mapped","76","missing sitemap"
"/claude-code-entity","/claude-code-entity","entity-pages","no","standard","not listed","","2500","2026-06-11","weekly","0.79","Article;BreadcrumbList","mapped","76","missing sitemap"
"/codex-entity","/codex-entity","entity-pages","no","standard","not listed","","2500","2026-06-11","weekly","0.72","Article;BreadcrumbList","mapped","76","missing sitemap"
"/windsurf-entity","/windsurf-entity","entity-pages","no","standard","not listed","","2500","2026-06-11","weekly","0.71","Article;BreadcrumbList","mapped","76","missing sitemap"
"/replit-entity","/replit-entity","entity-pages","no","standard","not listed","","2500","2026-06-11","weekly","0.7","Article;BreadcrumbList","mapped","76","missing sitemap"
"/vapi-entity","/vapi-entity","entity-pages","no","standard","not listed","","2500","2026-06-11","weekly","0.78","Article;BreadcrumbList","mapped","76","missing sitemap"
"/retell-entity","/retell-entity","entity-pages","no","standard","not listed","","2500","2026-06-11","weekly","0.77","Article;BreadcrumbList","mapped","76","missing sitemap"
"/flowise-entity","/flowise-entity","entity-pages","no","standard","not listed","","2500","2026-06-11","weekly","0.79","Article;BreadcrumbList","mapped","76","missing sitemap"
"/dify-entity","/dify-entity","entity-pages","no","standard","not listed","","2500","2026-06-11","weekly","0.78","Article;BreadcrumbList","mapped","76","missing sitemap"
"/n8n-entity","/n8n-entity","entity-pages","no","standard","not listed","","2500","2026-06-11","weekly","0.76","Article;BreadcrumbList","mapped","76","missing sitemap"
"/langgraph-entity","/langgraph-entity","entity-pages","no","standard","not listed","","2500","2026-06-11","weekly","0.77","Article;BreadcrumbList","mapped","76","missing sitemap"
"/autogen-entity","/autogen-entity","entity-pages","no","standard","not listed","","2500","2026-06-11","weekly","0.76","Article;BreadcrumbList","mapped","76","missing sitemap"
"/yellow-ai-entity","/yellow-ai-entity","entity-pages","no","standard","not listed","","2500","2026-06-11","weekly","0.75","Article;BreadcrumbList","mapped","76","missing sitemap"
"/intercom-entity","/intercom-entity","entity-pages","no","standard","not listed","","2500","2026-06-11","weekly","0.75","Article;BreadcrumbList","mapped","76","missing sitemap"
"/india","/india","industry-ai-agents","no","standard","llms","","2500","2026-06-11","weekly","0.9","CollectionPage;ItemList;BreadcrumbList","mapped","76","missing sitemap"
"/industry-ai-agents-hub","/industry-ai-agents-hub","industry-ai-agents","no","standard","not listed","","2500","2026-06-11","weekly","0.84","CollectionPage;ItemList;BreadcrumbList","mapped","76","missing sitemap"
"/best-ai-agent-india","/best-ai-agent-india","industry-ai-agents","no","standard","not listed","","2500","2026-06-11","weekly","0.9","Article;FAQPage;BreadcrumbList","mapped","76","missing sitemap"
"/ai-agent-pricing-india","/ai-agent-pricing-india","industry-ai-agents","no","standard","not listed","","2500","2026-06-11","weekly","0.86","Article;FAQPage;BreadcrumbList","mapped","76","missing sitemap"
"/ai-agent-for-indian-startups","/ai-agent-for-indian-startups","industry-ai-agents","no","standard","not listed","","2500","2026-06-11","weekly","0.84","Article;FAQPage;BreadcrumbList","mapped","76","missing sitemap"
"/ai-agent-for-indian-smes","/ai-agent-for-indian-smes","industry-ai-agents","no","standard","not listed","","2500","2026-06-11","weekly","0.85","Article;FAQPage;BreadcrumbList","mapped","76","missing sitemap"
"/ai-agent-for-whatsapp-business","/ai-agent-for-whatsapp-business","industry-ai-agents","no","standard","not listed","","2500","2026-06-11","weekly","0.87","Article;FAQPage;BreadcrumbList","mapped","76","missing sitemap"
"/best-ai-agent-for-shopify-stores","/best-ai-agent-for-shopify-stores","industry-ai-agents","no","standard","not listed","","2500","2026-06-11","weekly","0.76","Article;FAQPage;BreadcrumbList","mapped","76","missing sitemap"
"/best-ai-agent-for-real-estate-agencies","/best-ai-agent-for-real-estate-agencies","industry-ai-agents","no","standard","not listed","","2500","2026-06-11","weekly","0.76","Article;FAQPage;BreadcrumbList","mapped","76","missing sitemap"
"/best-ai-agent-for-customer-support-teams","/best-ai-agent-for-customer-support-teams","industry-ai-agents","no","standard","not listed","","2500","2026-06-11","weekly","0.78","Article;FAQPage;BreadcrumbList","mapped","76","missing sitemap"
"/longtail-hub","/longtail-hub","longtail-engine","no","standard","not listed","","2500","2026-06-11","weekly","0.84","CollectionPage;ItemList;BreadcrumbList","mapped","76","missing sitemap"
"/longtail-ai-agent-hub","/longtail-ai-agent-hub","longtail-engine","no","standard","not listed","","2500","2026-06-11","weekly","0.78","CollectionPage;ItemList;BreadcrumbList","mapped","76","missing sitemap"
"/ai-agent-cost-calculator","/ai-agent-cost-calculator","longtail-engine","no","standard","not listed","","2500","2026-06-11","weekly","0.82","WebApplication;FAQPage","mapped","76","missing sitemap"
"/cursor-cost-calculator","/cursor-cost-calculator","longtail-engine","no","standard","not listed","","2500","2026-06-11","weekly","0.8","WebApplication;FAQPage","mapped","76","missing sitemap"
"/vapi-cost-calculator","/vapi-cost-calculator","longtail-engine","no","standard","not listed","","2500","2026-06-11","weekly","0.78","WebApplication;FAQPage","mapped","76","missing sitemap"
"/retell-cost-calculator","/retell-cost-calculator","longtail-engine","no","standard","not listed","","2500","2026-06-11","weekly","0.77","WebApplication;FAQPage","mapped","76","missing sitemap"
"/ai-support-agent-roi-calculator","/ai-support-agent-roi-calculator","longtail-engine","no","standard","not listed","","2500","2026-06-11","weekly","0.81","WebApplication;FAQPage","mapped","76","missing sitemap"
"/","/","home","yes","robots note","llms","0","2500","2026-06-11","daily","1.00","Organization;WebSite;WebPage;CollectionPage;BreadcrumbList;ItemList;FAQPage","","",""