file,word_count,internal_links,author,updated
alternatives/alternatives-hub.md,4601,5,N/A,N/A
alternatives/claude-code-alternatives.md,3834,14,N/A,N/A
alternatives/cursor-alternatives.md,4790,14,N/A,N/A
alternatives/dify-alternatives.md,3619,15,N/A,N/A
alternatives/flowise-alternatives.md,3689,15,N/A,N/A
alternatives/github-copilot-alternatives.md,3850,14,N/A,N/A
alternatives/index.md,1612,3,N/A,N/A
alternatives/intercom-alternatives.md,3698,13,N/A,N/A
alternatives/n8n-alternatives.md,3686,14,N/A,N/A
alternatives/retell-alternatives.md,3739,14,N/A,N/A
alternatives/vapi-alternatives.md,3765,14,N/A,N/A
alternatives/windsurf-alternatives.md,3660,14,N/A,N/A
authors/arshdeep-singh.md,855,2,N/A,N/A
authors/priya-iyer.md,839,2,N/A,N/A
awards/ai-agent-awards-2026.md,1557,9,N/A,2026-06-12
awards/index.md,852,1,N/A,N/A
benchmarks/ai-agent-benchmarks-2026.md,1483,8,Arshdeep Singh, Chief AI Analyst,N/A
comparisons/autogen-vs-crewai.md,4118,14,N/A,N/A
comparisons/claude-vs-cursor.md,4856,14,N/A,N/A
comparisons/clay-vs-apollo.md,4580,13,N/A,N/A
comparisons/coding/cursor-windsurf-copilot.md,1122,3,N/A,2026-06-12
comparisons/copilot-vs-claude-code.md,3890,13,N/A,N/A
comparisons/cursor-vs-claude-code.md,3945,14,N/A,N/A
comparisons/cursor-vs-github-copilot.md,3089,16,N/A,N/A
comparisons/dify-vs-langflow.md,4082,13,N/A,N/A
comparisons/flowise-vs-dify.md,4748,14,N/A,N/A
comparisons/flowise-vs-n8n.md,4169,14,N/A,N/A
comparisons/hubspot-ai-vs-salesforce-ai.md,4164,13,N/A,N/A
comparisons/index.md,919,0,N/A,N/A
comparisons/intercom-vs-zendesk-ai.md,4081,13,N/A,N/A
comparisons/jasper-vs-copy-ai.md,4160,13,N/A,N/A
comparisons/langgraph-vs-crewai.md,4177,14,N/A,N/A
comparisons/llamaindex-vs-langchain.md,4096,13,N/A,N/A
comparisons/mcp/brave-vs-tavily-vs-serpapi.md,1099,3,N/A,2026-06-12
comparisons/openai-agents-sdk-vs-langgraph.md,4227,13,N/A,N/A
comparisons/replit-vs-cursor.md,4783,14,N/A,N/A
comparisons/retell-vs-bland.md,4229,13,N/A,N/A
comparisons/vapi-vs-bland.md,4117,14,N/A,N/A
comparisons/vapi-vs-retell.md,4227,14,N/A,N/A
comparisons/windsurf-vs-cursor.md,4752,14,N/A,N/A
comparisons/yellow-ai-vs-intercom.md,4561,13,N/A,N/A
core/ai-agent-examples.md,3469,15,N/A,N/A
core/ai-agent-news.md,3305,16,N/A,N/A
core/ai-agent-trends.md,3370,15,N/A,N/A
core/ai-agent-use-cases.md,3318,16,N/A,N/A
core/best-ai-agent.md,4465,10,N/A,N/A
core/best-ai-agents.md,3091,16,N/A,N/A
core/future-of-ai-agents.md,3309,14,N/A,N/A
core/what-is-an-ai-agent.md,2970,16,N/A,N/A
courses/ai-agent-projects.md,3376,16,N/A,N/A
courses/best-ai-agent-course.md,3212,14,N/A,N/A
courses/how-to-build-an-ai-agent.md,3865,14,N/A,N/A
editorial/about-editorial-team.md,873,0,N/A,N/A
editorial/benchmark-methodology.md,1359,4,N/A,N/A
editorial/review-policy.md,1297,0,N/A,N/A
entities/companies/anthropic.md,867,0,N/A,N/A
entities/companies/openai.md,1055,1,N/A,N/A
entities/frameworks/langchain.md,871,0,N/A,N/A
entities/models/gpt-4.md,925,0,N/A,N/A
entities/vector-dbs/pinecone.md,2916,16,BestAIAgent.in Team,2026-06-12
free/best-free-ai-agent-builder.md,3798,15,N/A,N/A
free/best-free-ai-agent-for-business.md,3862,15,N/A,N/A
free/best-free-ai-agents.md,3982,17,N/A,N/A
free/best-free-ai-coding-agents.md,3727,14,N/A,N/A
free/best-free-ai-voice-agent.md,3723,14,N/A,N/A
free/best-free-open-source-ai-agents.md,3767,15,N/A,N/A
glossary/what-is-agentic-ai.md,3927,16,N/A,N/A
glossary/what-is-agentops.md,3720,13,N/A,N/A
glossary/what-is-context-window.md,3840,13,N/A,N/A
glossary/what-is-crewai.md,3782,14,N/A,N/A
glossary/what-is-function-calling.md,3956,13,N/A,N/A
glossary/what-is-gaia.md,3774,13,N/A,N/A
glossary/what-is-langgraph.md,3759,14,N/A,N/A
glossary/what-is-mcp.md,4030,15,N/A,N/A
glossary/what-is-multi-agent-system.md,3901,14,N/A,N/A
glossary/what-is-rag.md,3927,13,N/A,N/A
glossary/what-is-swe-bench.md,3742,14,N/A,N/A
glossary/what-is-tool-use.md,3894,13,N/A,N/A
guides/ai-agent-security.md,4006,16,N/A,N/A
longtail/best-ai-agent-for-customer-support-in-saas.md,3202,13,N/A,N/A
longtail/best-ai-agent-for-email.md,3127,13,N/A,N/A
longtail/best-ai-agent-for-hospitals.md,1455,0,N/A,N/A
longtail/best-ai-agent-for-lawyers.md,1324,0,N/A,N/A
longtail/best-ai-agent-for-lead-generation-in-real-estate.md,3260,13,N/A,N/A
longtail/best-ai-agent-for-linkedin.md,3104,13,N/A,N/A
longtail/best-ai-agent-for-manufacturing.md,1440,0,N/A,N/A
longtail/best-ai-agent-for-nodejs.md,3122,14,N/A,N/A
longtail/best-ai-agent-for-patient-scheduling-in-hospitals.md,3239,14,N/A,N/A
longtail/best-ai-agent-for-real-estate.md,1457,1,N/A,N/A
longtail/best-ai-agent-for-recruiters.md,1443,1,N/A,N/A
longtail/best-ai-agent-for-schools.md,1470,0,N/A,N/A
longtail/best-ai-agent-for-seo.md,3138,13,N/A,N/A
longtail/best-ai-agent-for-shopify.md,3156,14,N/A,N/A
longtail/best-ai-agent-for-wordpress.md,3138,13,N/A,N/A
longtail/best-ai-agent-for-youtube.md,3133,14,N/A,N/A
longtail/cursor-for-python-debugging.md,3181,14,N/A,N/A
longtail/vapi-for-appointment-booking.md,3134,14,N/A,N/A
market-map/ai-agent-market-map-2026.md,1418,7,N/A,2026-06-12
mcp/best-mcp-servers.md,3853,15,N/A,N/A
mcp/comparisons/filesystem-vs-database-mcp.md,3448,14,Comparison Team,N/A
mcp/comparisons/index.md,1070,0,N/A,N/A
mcp/comparisons/mcp-server-comparisons.md,1415,7,Priya Iyer, Core Engineer,N/A
mcp/comparisons/official-mcp-vs-community-mcp.md,3505,14,Ecosystem Team,N/A
mcp/frameworks/index.md,1146,1,N/A,N/A
mcp/frameworks/mcp-tutorials.md,1309,7,Priya Iyer, Core Engineer,N/A
mcp/index.md,3836,3,BestAIAgent.in Editorial Team,N/A
mcp/marketplace/free-mcp-servers.md,3284,14,Marketplace Team,N/A
mcp/marketplace/index.md,1193,1,N/A,N/A
mcp/marketplace/mcp-marketplace.md,1439,10,Priya Iyer, Core Engineer,N/A
mcp/marketplace/paid-mcp-servers.md,3432,14,Enterprise Team,N/A
mcp/mcp-directory.md,3804,2,N/A,N/A
mcp/mcp-security.md,3720,14,N/A,N/A
mcp/mcp-vs-api.md,3646,13,N/A,N/A
mcp/rankings/index.md,1262,1,N/A,N/A
mcp/registry/index.md,2225,6,BestAIAgent.in Editorial Team,N/A
mcp/registry/mcp-registry.md,1571,7,Priya Iyer, Core Engineer,N/A
mcp/servers/arxiv-server.md,850,1,N/A,N/A
mcp/servers/aws-server.md,849,1,N/A,N/A
mcp/servers/azure-blob-server.md,1165,8,Microsoft Azure MCP Team,N/A
mcp/servers/azure-server.md,848,1,N/A,N/A
mcp/servers/bigquery-server.md,848,1,N/A,N/A
mcp/servers/brave-search.md,1426,5,N/A,2026-06-12
mcp/servers/browser-automation-server.md,3822,14,Automation Integration Team,N/A
mcp/servers/calendar-server.md,849,1,N/A,N/A
mcp/servers/csv-server.md,848,1,N/A,N/A
mcp/servers/currency-server.md,848,1,N/A,N/A
mcp/servers/discord-server.md,848,1,N/A,N/A
mcp/servers/docker-server.md,847,1,N/A,N/A
mcp/servers/docx-server.md,848,1,N/A,N/A
mcp/servers/email-server.md,849,1,N/A,N/A
mcp/servers/excel-server.md,848,1,N/A,N/A
mcp/servers/filesystem-server.md,3594,14,MCP Documentation Team,N/A
mcp/servers/firecrawl-server.md,849,1,N/A,N/A
mcp/servers/gcp-server.md,849,1,N/A,N/A
mcp/servers/gcs-server.md,1128,8,Google Cloud MCP Team,N/A
mcp/servers/github-actions-server.md,857,1,N/A,N/A
mcp/servers/github-server.md,3836,14,Platform Integration Team,N/A
mcp/servers/gitlab-server.md,1113,8,GitLab MCP Team,N/A
mcp/servers/google-sheets-server.md,858,1,N/A,N/A
mcp/servers/hubspot-server.md,849,1,N/A,N/A
mcp/servers/index.md,1042,1,N/A,N/A
mcp/servers/jina-reader.md,850,1,N/A,N/A
mcp/servers/jira-server.md,848,1,N/A,N/A
mcp/servers/kubernetes-server.md,847,1,N/A,N/A
mcp/servers/linear-server.md,850,1,N/A,N/A
mcp/servers/linkedin-server.md,847,1,N/A,N/A
mcp/servers/looker-server.md,848,1,N/A,N/A
mcp/servers/mcp-server-directory.md,1615,8,Priya Iyer, Core Engineer,N/A
mcp/servers/medium-server.md,847,1,N/A,N/A
mcp/servers/mongodb-server.md,1131,16,MongoDB MCP Team,N/A
mcp/servers/news-api-server.md,860,1,N/A,N/A
mcp/servers/notion-server.md,1404,8,Notion MCP Contributors,N/A
mcp/servers/pdf-server.md,849,1,N/A,N/A
mcp/servers/playwright-server.md,847,1,N/A,N/A
mcp/servers/postgres-server.md,1007,4,N/A,2026-06-12
mcp/servers/puppeteer-server.md,847,1,N/A,N/A
mcp/servers/reddit-server.md,849,1,N/A,N/A
mcp/servers/redis-server.md,955,4,N/A,2026-06-12
mcp/servers/salesforce-server.md,1256,8,Salesforce MCP Team,N/A
mcp/servers/sendgrid-server.md,848,1,N/A,N/A
mcp/servers/serpapi-server.md,849,1,N/A,N/A
mcp/servers/shopify-server.md,848,1,N/A,N/A
mcp/servers/slack-mcp-server.md,859,1,N/A,N/A
mcp/servers/slack-server.md,3894,14,Communication Integration Team,N/A
mcp/servers/snowflake-server.md,1125,8,Snowflake MCP Contributors,N/A
mcp/servers/stripe-server.md,1203,8,Stripe MCP Team,N/A
mcp/servers/tavily-search.md,848,1,N/A,N/A
mcp/servers/telegram-server.md,848,1,N/A,N/A
mcp/servers/twilio-server.md,1139,8,Twilio MCP Team,N/A
mcp/servers/twitter-server.md,847,1,N/A,N/A
mcp/servers/weather-server.md,849,1,N/A,N/A
mcp/servers/web-browser-server.md,860,1,N/A,N/A
mcp/servers/wordpress-server.md,848,1,N/A,N/A
mcp/servers/youtube-server.md,850,1,N/A,N/A
mcp/tools/index.md,1097,1,N/A,N/A
mcp/tutorials/build-your-first-mcp-server.md,3669,13,MCP Development Team,N/A
mcp/tutorials/debugging-mcp-servers.md,3476,14,MCP Operations Team,N/A
mcp/tutorials/getting-started-with-mcp.md,3778,14,MCP Education Team,N/A
mcp/tutorials/index.md,1187,1,N/A,N/A
mcp/tutorials/mcp-with-claude-desktop.md,3444,13,Desktop Integration Team,N/A
mcp/tutorials/mcp-with-cursor-ai.md,3567,14,Developer Experience Team,N/A
mcp/what-is-mcp.md,3841,15,N/A,N/A
pillars/best-ai-agent-automation-platform.md,3671,13,N/A,N/A
pillars/best-ai-agent-builder.md,4367,16,N/A,N/A
pillars/best-ai-agent-development-platform.md,3701,13,N/A,N/A
pillars/best-ai-agent-for-accountants.md,4597,13,N/A,N/A
pillars/best-ai-agent-for-agencies.md,4749,13,N/A,N/A
pillars/best-ai-agent-for-appointment-booking.md,3701,14,N/A,N/A
pillars/best-ai-agent-for-banking.md,3696,14,N/A,N/A
pillars/best-ai-agent-for-business.md,4684,14,N/A,N/A
pillars/best-ai-agent-for-consultants.md,4626,13,N/A,N/A
pillars/best-ai-agent-for-crm.md,5039,13,N/A,N/A
pillars/best-ai-agent-for-customer-support.md,4735,13,N/A,N/A
pillars/best-ai-agent-for-debugging.md,4727,14,N/A,N/A
pillars/best-ai-agent-for-ecommerce.md,4877,14,N/A,N/A
pillars/best-ai-agent-for-education.md,3716,14,N/A,N/A
pillars/best-ai-agent-for-healthcare-calls.md,3695,14,N/A,N/A
pillars/best-ai-agent-for-hospitals.md,4665,13,N/A,N/A
pillars/best-ai-agent-for-inbound-support.md,3687,13,N/A,N/A
pillars/best-ai-agent-for-javascript.md,4755,14,N/A,N/A
pillars/best-ai-agent-for-law-firms.md,4758,13,N/A,N/A
pillars/best-ai-agent-for-lead-generation.md,4945,13,N/A,N/A
pillars/best-ai-agent-for-lead-qualification.md,3698,13,N/A,N/A
pillars/best-ai-agent-for-logistics.md,3688,15,N/A,N/A
pillars/best-ai-agent-for-manufacturing.md,3676,14,N/A,N/A
pillars/best-ai-agent-for-marketing.md,4673,13,N/A,N/A
pillars/best-ai-agent-for-nextjs.md,4620,14,N/A,N/A
pillars/best-ai-agent-for-outbound-calling.md,3699,14,N/A,N/A
pillars/best-ai-agent-for-python.md,4977,15,N/A,N/A
pillars/best-ai-agent-for-react.md,4565,14,N/A,N/A
pillars/best-ai-agent-for-real-estate-calls.md,3723,14,N/A,N/A
pillars/best-ai-agent-for-real-estate.md,4811,13,N/A,N/A
pillars/best-ai-agent-for-recruiting.md,3681,15,N/A,N/A
pillars/best-ai-agent-for-sales.md,3476,16,N/A,N/A
pillars/best-ai-agent-for-small-business.md,4843,13,N/A,N/A
pillars/best-ai-agent-for-startups.md,3770,16,N/A,N/A
pillars/best-ai-agent-for-whatsapp-support.md,4600,13,N/A,N/A
pillars/best-ai-agent-for-whatsapp.md,3696,13,N/A,N/A
pillars/best-ai-agent-platform.md,4571,14,N/A,N/A
pillars/best-ai-agent-workflow-builder.md,3728,14,N/A,N/A
pillars/best-ai-agents-for-business.md,2928,16,N/A,N/A
pillars/best-ai-call-center-agent.md,3701,13,N/A,N/A
pillars/best-ai-phone-agent.md,3648,14,N/A,N/A
pillars/best-ai-voice-agent.md,3722,14,N/A,N/A
pillars/best-no-code-ai-agent-builder.md,4342,14,N/A,N/A
pillars/best-open-source-ai-agents.md,3673,14,N/A,N/A
pillars/index.md,978,0,N/A,N/A
pricing/claude-code-pricing.md,3775,14,N/A,N/A
pricing/copilot-free-vs-paid.md,3932,13,N/A,N/A
pricing/cursor-free-vs-pro.md,3898,14,N/A,N/A
pricing/cursor-pricing-india.md,3730,14,N/A,N/A
pricing/cursor-pricing.md,4750,14,N/A,N/A
pricing/dify-pricing.md,3620,14,N/A,N/A
pricing/flowise-pricing.md,3623,14,N/A,N/A
pricing/github-copilot-pricing.md,5031,14,N/A,N/A
pricing/index.md,995,0,N/A,N/A
pricing/intercom-pricing.md,3664,13,N/A,N/A
pricing/n8n-pricing.md,3705,14,N/A,N/A
pricing/pricing-hub.md,4541,5,N/A,N/A
pricing/vapi-pricing-calculator.md,3900,14,N/A,N/A
pricing/vapi-pricing.md,3731,14,N/A,N/A
pricing/windsurf-pricing.md,3706,14,N/A,N/A
pricing/yellow-ai-pricing.md,3710,13,N/A,N/A
rankings/ai-agent-rankings-2026.md,1610,9,Arshdeep Singh, Chief AI Analyst,N/A
rankings/index.md,1033,0,N/A,N/A
rankings/top-ai-agents-2026.md,1273,3,N/A,N/A
reports/ai-agent-awards-2026.md,1445,9,N/A,N/A
reports/ai-agent-benchmark-report-q3-2026.md,2698,13,N/A,N/A
reports/ai-agent-industry-report-2026.md,1200,4,N/A,N/A
reports/ai-agent-landscape-2026-india.md,1592,4,N/A,N/A
reports/ai-agent-market-map.md,1791,10,N/A,N/A
reports/mcp-ecosystem-report-2026.md,1712,4,N/A,N/A
reports/top-500-ai-agents-database.md,1428,9,N/A,N/A
research/a2a-vs-mcp.md,1840,2,N/A,N/A
research/agent-cloud.md,1543,2,N/A,N/A
research/agent-economy.md,1171,6,N/A,N/A
research/agent-engineering.md,1210,2,N/A,N/A
research/agent-governance-framework.md,936,5,N/A,N/A
research/agent-identity-layer.md,921,5,N/A,N/A
research/agent-marketplace.md,911,6,N/A,N/A
research/agent-memory-systems.md,1073,2,N/A,N/A
research/agent-observability.md,924,2,N/A,N/A
research/agent-operating-system.md,953,2,N/A,N/A
research/agent-ops.md,817,2,N/A,N/A
research/agent-orchestration-platform.md,972,5,N/A,N/A
research/agent-runtime-comparison.md,1109,5,N/A,N/A
research/agent-security-framework.md,929,5,N/A,N/A
research/agentbench-guide.md,3590,13,N/A,N/A
research/ai-agent-benchmarks.md,3667,14,N/A,N/A
research/autonomous-coding-agents.md,896,6,N/A,N/A
research/best-a2a-servers.md,1181,2,N/A,N/A
research/digital-workforce-platform.md,895,5,N/A,N/A
research/enterprise-agent-stack.md,942,6,N/A,N/A
research/gaia-benchmark-guide.md,3610,13,N/A,N/A
research/humaneval-guide.md,3576,13,N/A,N/A
research/index.md,1426,0,N/A,N/A
research/internet-of-agents.md,942,5,N/A,N/A
research/multi-agent-workforce.md,1001,5,N/A,N/A
research/swe-bench-guide.md,3520,13,N/A,N/A
reviews/agentops-review.md,3592,13,N/A,N/A
reviews/apollo-review.md,4018,13,N/A,N/A
reviews/artisan-review.md,4003,13,N/A,N/A
reviews/autogen-review.md,4016,14,N/A,N/A
reviews/bland-review.md,4131,14,N/A,N/A
reviews/claude-code.md,4932,15,N/A,N/A
reviews/clay-review.md,4007,13,N/A,N/A
reviews/crewai-review.md,4086,14,N/A,N/A
reviews/cursor-ai.md,4851,14,N/A,N/A
reviews/dify-review.md,4520,15,N/A,N/A
reviews/elevenlabs-conversational-ai-review.md,4121,14,N/A,N/A
reviews/flowise-review.md,4542,15,N/A,N/A
reviews/github-copilot.md,4941,14,N/A,N/A
reviews/index.md,934,0,N/A,N/A
reviews/intercom-review.md,4029,13,N/A,N/A
reviews/langflow-review.md,4427,15,N/A,N/A
reviews/langgraph-review.md,4058,14,N/A,N/A
reviews/llamaindex-review.md,4052,13,N/A,N/A
reviews/n8n-review.md,4492,14,N/A,N/A
reviews/open-interpreter-review.md,3690,14,N/A,N/A
reviews/openai-agents-sdk-review.md,4189,14,N/A,N/A
reviews/replit-agent.md,4869,14,N/A,N/A
reviews/retell-review.md,4133,14,N/A,N/A
reviews/semantic-kernel-review.md,4119,14,N/A,N/A
reviews/superagent-review.md,3620,14,N/A,N/A
reviews/vapi-review.md,4154,14,N/A,N/A
reviews/windsurf.md,4818,14,N/A,N/A
reviews/yellow-ai-review.md,4909,14,N/A,N/A
statistics/ai-agent-statistics-2026.md,1278,5,N/A,2026-06-12
statistics/index.md,1310,0,N/A,N/A
testing-lab/how-we-test-ai-agents.md,1132,2,N/A,2026-06-12
tools/cursor-ai.md,4954,14,N/A,N/A
tools/index.md,1430,0,N/A,N/A
trust/about.md,846,1,N/A,N/A
trust/affiliate-disclosure.md,966,1,Arshdeep Singh, Chief AI Analyst,N/A
trust/contact.md,833,3,N/A,N/A
trust/cookie-settings.md,958,1,N/A,N/A
trust/corrections-policy.md,993,0,N/A,N/A
trust/data-deletion-request.md,986,0,N/A,N/A
trust/editorial-policy.md,1091,0,Arshdeep Singh, Chief AI Analyst,N/A
trust/index.md,917,11,N/A,N/A
trust/methodology.md,1373,1,Arshdeep Singh, Chief AI Analyst,N/A
trust/privacy-policy.md,1124,0,N/A,N/A
trust/team.md,908,9,N/A,N/A
trust/terms.md,1122,0,N/A,N/A
tutorials/how-to-build-ai-agent-with-crewai.md,3962,14,N/A,N/A
tutorials/how-to-build-ai-agent-with-flowise.md,4083,14,N/A,N/A
tutorials/how-to-build-multi-agent-system.md,3919,14,N/A,N/A
tutorials/how-to-connect-claude-to-mcp.md,3900,14,N/A,N/A
tutorials/how-to-create-mcp-server.md,3909,15,N/A,N/A
tutorials/how-to-install-cursor.md,3903,14,N/A,N/A
tutorials/how-to-set-up-claude-code.md,3890,13,N/A,N/A
tutorials/how-to-use-cursor-ai.md,3864,14,N/A,N/A
tutorials/how-to-use-github-copilot.md,3896,13,N/A,N/A
tutorials/how-to-use-retell.md,3701,13,N/A,N/A
tutorials/how-to-use-vapi.md,3751,14,N/A,N/A
tutorials/index.md,1372,0,N/A,N/A