asset,url,source,linkType,method,approvalTip,priority,effort,risk,seoValue,referralValue,aiVisibility,timeToImpact
"MCP Directory","https://bestaiagent.in/mcp-directory","GitHub MCP Topic Pages","dofollow","Submit or reference an MCP resource repo that points to the directory.","Include open-source MCP listings and avoid promotional language.","1","4","1","8","7","9","2-6 weeks"
"MCP Marketplace","https://bestaiagent.in/mcp-marketplace","Awesome MCP GitHub Lists","dofollow","Open a maintainer-friendly PR under resources, directories, or discovery tools.","Focus on completeness, verification fields, and deployment/security notes.","1","4","1","8","6","9","2-6 weeks"
"Best MCP Servers","https://bestaiagent.in/best-mcp-servers","Product Hunt","mixed","Launch as the MCP server discovery layer.","Position as practical discovery for developers, not as a vague AI tools list.","1","6","2","6","9","8","1-3 weeks"
"AI Agent Market Map","https://bestaiagent.in/ai-agent-market-map","Awesome AI Agents GitHub List","dofollow","Open PR under Resources or Directories.","Position as a visual ecosystem map and taxonomy.","2","4","1","8","6","9","2-6 weeks"
"Top 500 AI Agents Database","https://bestaiagent.in/top-500-ai-agents-database","SaaSHub","dofollow","Submit as an AI resource/database.","Emphasize categorized agents, filters, verification, and update cadence.","2","3","1","7","6","7","1-4 weeks"
"AI Agent Market Map","https://bestaiagent.in/ai-agent-market-map","Wikipedia AI agent article talk page","nofollow","Only discuss as a possible citation for neutral categorization after methodology matures.","Do not add promotional links; become citation-worthy first.","5","7","4","4","3","8","3-12 months"
"AI Agent Benchmark Report Q3 2026","https://bestaiagent.in/ai-agent-benchmark-report-q3-2026","Dev.to","dofollow","Publish benchmark methodology article with canonical link.","Include reproducible criteria and clarify Q3 results are pending until the test window closes.","3","4","1","6","7","8","1-3 weeks"
"AI Agent Benchmark Report Q3 2026","https://bestaiagent.in/ai-agent-benchmark-report-q3-2026","Hacker News","nofollow","Submit the benchmark release only after data exists.","Lead with findings and methodology, never marketing.","4","5","4","4","9","8","After October 7, 2026"
"Entity Hub","https://bestaiagent.in/entity-hub","AlternativeTo","dofollow","Submit BestAIAgent.in as a comparison/database resource.","Showcase comparison and entity graph capabilities.","3","3","1","7","5","7","1-4 weeks"
"Best AI Agent Awards 2026","https://bestaiagent.in/ai-agent-awards-2026","Indie Hackers","dofollow","Publish award methodology and build-in-public update.","Explain judging criteria and sponsor separation.","4","4","2","5","6","6","2-6 weeks"
"Best AI Agent For X","https://bestaiagent.in/best-ai-agent-for-customer-support-teams","Hashnode","dofollow","Publish industry-specific workflow guide with canonical link.","Add unique workflows and avoid duplicated template prose.","4","4","1","5","5","6","2-8 weeks"
